Date, MaxTemperature, MinTemperature, AvgTemperature
1/1/2009,34,17,25.5
1/2/2009,40,25,32.5
1/3/2009,41,24,32.5
1/4/2009,46,20,33
1/5/2009,29,15,22
1/6/2009,30,22,26
1/7/2009,28,18,23
1/8/2009,26,12,19
1/9/2009,43,17,30
1/10/2009,34,20,27
1/11/2009,28,18,23
1/12/2009,34,21,27.5
1/13/2009,33,6,19.5
1/14/2009,26,-3,11.5
1/15/2009,-3,-14,-8.5
1/16/2009,9,-17,-4
1/17/2009,32,6,19
1/18/2009,24,12,18
1/19/2009,21,7,14
1/20/2009,19,3,11
1/21/2009,32,1,16.5
1/22/2009,44,15,29.5
1/23/2009,37,19,28
1/24/2009,19,5,12
1/25/2009,11,5,8
1/26/2009,18,10,14
1/27/2009,19,15,17
1/28/2009,17,1,9
1/29/2009,29,12,20.5
1/30/2009,20,1,10.5
1/31/2009,39,-6,16.5
2/1/2009,41,25,33
2/2/2009,31,10,20.5
2/3/2009,21,2,11.5
2/4/2009,17,-1,8
2/5/2009,25,-2,11.5
2/6/2009,44,16,30
2/7/2009,59,41,50
2/8/2009,44,30,37
2/9/2009,62,32,47
2/10/2009,62,48,55
2/11/2009,59,36,47.5
2/12/2009,49,30,39.5
2/13/2009,45,24,34.5
2/14/2009,33,25,29
2/15/2009,33,22,27.5
2/16/2009,36,18,27
2/17/2009,39,23,31
2/18/2009,44,27,35.5
2/19/2009,27,15,21
2/20/2009,31,13,22
2/21/2009,36,20,28
2/22/2009,29,12,20.5
2/23/2009,33,12,22.5
2/24/2009,42,21,31.5
2/25/2009,59,29,44
2/26/2009,57,36,46.5
2/27/2009,45,24,34.5
2/28/2009,32,21,26.5
3/1/2009,29,15,22
3/2/2009,27,12,19.5
3/3/2009,32,10,21
3/4/2009,50,21,35.5
3/5/2009,67,34,50.5
3/6/2009,72,49,60.5
3/7/2009,69,40,54.5
3/8/2009,53,33,43
3/9/2009,52,32,42
3/10/2009,68,41,54.5
3/11/2009,41,23,32
3/12/2009,30,17,23.5
3/13/2009,43,20,31.5
3/14/2009,55,29,42
3/15/2009,62,33,47.5
3/16/2009,68,44,56
3/17/2009,73,37,55
3/18/2009,65,43,54
3/19/2009,54,29,41.5
3/20/2009,50,24,37
3/21/2009,62,38,50
3/22/2009,57,35,46
3/23/2009,68,49,58.5
3/24/2009,75,50,62.5
3/25/2009,56,41,48.5
3/26/2009,59,40,49.5
3/27/2009,59,34,46.5
3/28/2009,46,31,38.5
3/29/2009,42,31,36.5
3/30/2009,57,27,42
3/31/2009,56,35,45.5
4/1/2009,58,34,46
4/2/2009,66,41,53.5
4/3/2009,53,37,45
4/4/2009,59,31,45
4/5/2009,54,32,43
4/6/2009,39,30,34.5
4/7/2009,47,29,38
4/8/2009,56,29,42.5
4/9/2009,58,31,44.5
4/10/2009,47,35,41
4/11/2009,54,33,43.5
4/12/2009,59,31,45
4/13/2009,47,39,43
4/14/2009,42,38,40
4/15/2009,56,35,45.5
4/16/2009,66,40,53
4/17/2009,72,42,57
4/18/2009,71,47,59
4/19/2009,71,47,59
4/20/2009,58,41,49.5
4/21/2009,48,36,42
4/22/2009,66,34,50
4/23/2009,71,40,55.5
4/24/2009,81,55,68
4/25/2009,82,61,71.5
4/26/2009,82,62,72
4/27/2009,76,60,68
4/28/2009,60,50,55
4/29/2009,69,52,60.5
4/30/2009,72,59,65.5
5/1/2009,63,46,54.5
5/2/2009,64,46,55
5/3/2009,68,46,57
5/4/2009,71,48,59.5
5/5/2009,73,51,62
5/6/2009,69,56,62.5
5/7/2009,80,55,67.5
5/8/2009,70,56,63
5/9/2009,68,51,59.5
5/10/2009,69,44,56.5
5/11/2009,69,47,58
5/12/2009,72,45,58.5
5/13/2009,72,54,63
5/14/2009,71,52,61.5
5/15/2009,77,51,64
5/16/2009,62,47,54.5
5/17/2009,63,42,52.5
5/18/2009,68,42,55
5/19/2009,77,47,62
5/20/2009,82,52,67
5/21/2009,85,54,69.5
5/22/2009,86,63,74.5
5/23/2009,85,61,73
5/24/2009,86,61,73.5
5/25/2009,69,61,65
5/26/2009,81,62,71.5
5/27/2009,81,66,73.5
5/28/2009,68,58,63
5/29/2009,80,56,68
5/30/2009,82,54,68
5/31/2009,80,56,68
6/1/2009,91,60,75.5
6/2/2009,84,61,72.5
6/3/2009,64,51,57.5
6/4/2009,72,49,60.5
6/5/2009,79,50,64.5
6/6/2009,80,57,68.5
6/7/2009,82,59,70.5
6/8/2009,82,67,74.5
6/9/2009,79,62,70.5
6/10/2009,85,64,74.5
6/11/2009,77,62,69.5
6/12/2009,79,60,69.5
6/13/2009,83,66,74.5
6/14/2009,85,63,74
6/15/2009,81,66,73.5
6/16/2009,82,68,75
6/17/2009,89,69,79
6/18/2009,89,67,78
6/19/2009,93,72,82.5
6/20/2009,90,71,80.5
6/21/2009,90,76,83
6/22/2009,94,75,84.5
6/23/2009,95,77,86
6/24/2009,97,75,86
6/25/2009,92,74,83
6/26/2009,91,69,80
6/27/2009,91,66,78.5
6/28/2009,81,64,72.5
6/29/2009,82,60,71
6/30/2009,75,58,66.5
7/1/2009,69,60,64.5
7/2/2009,75,61,68
7/3/2009,80,59,69.5
7/4/2009,67,62,64.5
7/5/2009,80,62,71
7/6/2009,83,61,72
7/7/2009,84,63,73.5
7/8/2009,73,60,66.5
7/9/2009,81,60,70.5
7/10/2009,85,64,74.5
7/11/2009,82,67,74.5
7/12/2009,78,63,70.5
7/13/2009,83,62,72.5
7/14/2009,80,58,69
7/15/2009,83,65,74
7/16/2009,82,61,71.5
7/17/2009,73,59,66
7/18/2009,73,57,65
7/19/2009,75,58,66.5
7/20/2009,79,56,67.5
7/21/2009,80,57,68.5
7/22/2009,76,60,68
7/23/2009,81,61,71
7/24/2009,85,58,71.5
7/25/2009,80,63,71.5
7/26/2009,81,61,71
7/27/2009,83,61,72
7/28/2009,87,66,76.5
7/29/2009,79,61,70
7/30/2009,79,58,68.5
7/31/2009,80,60,70
8/1/2009,77,56,66.5
8/2/2009,77,56,66.5
8/3/2009,82,57,69.5
8/4/2009,78,64,71
8/5/2009,81,62,71.5
8/6/2009,80,58,69
8/7/2009,77,60,68.5
8/8/2009,90,64,77
8/9/2009,91,74,82.5
8/10/2009,85,67,76
8/11/2009,85,67,76
8/12/2009,81,62,71.5
8/13/2009,84,56,70
8/14/2009,86,62,74
8/15/2009,88,62,75
8/16/2009,90,66,78
8/17/2009,87,67,77
8/18/2009,83,66,74.5
8/19/2009,83,65,74
8/20/2009,78,62,70
8/21/2009,76,58,67
8/22/2009,70,57,63.5
8/23/2009,74,59,66.5
8/24/2009,77,54,65.5
8/25/2009,81,55,68
8/26/2009,83,56,69.5
8/27/2009,87,64,75.5
8/28/2009,73,64,68.5
8/29/2009,73,53,63
8/30/2009,67,52,59.5
8/31/2009,70,47,58.5
9/1/2009,73,50,61.5
9/2/2009,76,52,64
9/3/2009,81,57,69
9/4/2009,80,59,69.5
9/5/2009,75,59,67
9/6/2009,78,63,70.5
9/7/2009,79,60,69.5
9/8/2009,79,59,69
9/9/2009,77,62,69.5
9/10/2009,82,61,71.5
9/11/2009,81,61,71
9/12/2009,80,57,68.5
9/13/2009,79,56,67.5
9/14/2009,82,55,68.5
9/15/2009,83,59,71
9/16/2009,81,58,69.5
9/17/2009,77,52,64.5
9/18/2009,79,51,65
9/19/2009,80,57,68.5
9/20/2009,71,57,64
9/21/2009,80,62,71
9/22/2009,78,65,71.5
9/23/2009,80,63,71.5
9/24/2009,69,64,66.5
9/25/2009,65,59,62
9/26/2009,75,56,65.5
9/27/2009,77,50,63.5
9/28/2009,66,51,58.5
9/29/2009,64,49,56.5
9/30/2009,65,47,56
10/1/2009,60,43,51.5
10/2/2009,59,46,52.5
10/3/2009,54,45,49.5
10/4/2009,63,40,51.5
10/5/2009,67,42,54.5
10/6/2009,66,47,56.5
10/7/2009,63,41,52
10/8/2009,52,45,48.5
10/9/2009,52,40,46
10/10/2009,55,33,44
10/11/2009,50,35,42.5
10/12/2009,57,38,47.5
10/13/2009,52,40,46
10/14/2009,47,40,43.5
10/15/2009,43,39,41
10/16/2009,47,38,42.5
10/17/2009,50,39,44.5
10/18/2009,57,31,44
10/19/2009,68,36,52
10/20/2009,72,42,57
10/21/2009,70,47,58.5
10/22/2009,63,49,56
10/23/2009,62,43,52.5
10/24/2009,55,38,46.5
10/25/2009,68,42,55
10/26/2009,60,48,54
10/27/2009,52,46,49
10/28/2009,56,47,51.5
10/29/2009,61,50,55.5
10/30/2009,66,45,55.5
10/31/2009,51,33,42
11/1/2009,57,30,43.5
11/2/2009,66,38,52
11/3/2009,51,32,41.5
11/4/2009,60,38,49
11/5/2009,55,31,43
11/6/2009,63,35,49
11/7/2009,72,49,60.5
11/8/2009,74,44,59
11/9/2009,68,50,59
11/10/2009,55,46,50.5
11/11/2009,58,36,47
11/12/2009,59,30,44.5
11/13/2009,58,30,44
11/14/2009,67,39,53
11/15/2009,56,41,48.5
11/16/2009,44,41,42.5
11/17/2009,46,40,43
11/18/2009,48,40,44
11/19/2009,46,35,40.5
11/20/2009,53,30,41.5
11/21/2009,58,36,47
11/22/2009,60,38,49
11/23/2009,57,37,47
11/24/2009,54,40,47
11/25/2009,48,38,43
11/26/2009,38,31,34.5
11/27/2009,43,28,35.5
11/28/2009,60,29,44.5
11/29/2009,53,39,46
11/30/2009,42,33,37.5
12/1/2009,56,32,44
12/2/2009,41,31,36
12/3/2009,38,22,30
12/4/2009,26,18,22
12/5/2009,35,14,24.5
12/6/2009,37,18,27.5
12/7/2009,34,27,30.5
12/8/2009,37,29,33
12/9/2009,40,12,26
12/10/2009,19,6,12.5
12/11/2009,36,12,24
12/12/2009,41,16,28.5
12/13/2009,40,33,36.5
12/14/2009,49,29,39
12/15/2009,29,11,20
12/16/2009,29,10,19.5
12/17/2009,44,20,32
12/18/2009,43,31,37
12/19/2009,33,29,31
12/20/2009,29,25,27
12/21/2009,34,26,30
12/22/2009,35,29,32
12/23/2009,37,33,35
12/24/2009,43,37,40
12/25/2009,46,22,34
12/26/2009,28,20,24
12/27/2009,26,12,19
12/28/2009,30,14,22
12/29/2009,22,10,16
12/30/2009,32,19,25.5
12/31/2009,33,8,20.5
1/1/2010,13,3,8
1/2/2010,9,-2,3.5
1/3/2010,13,-3,5
1/4/2010,12,1,6.5
1/5/2010,11,-1,5
1/6/2010,18,0,9
1/7/2010,21,10,15.5
1/8/2010,21,6,13.5
1/9/2010,13,-5,4
1/10/2010,18,-8,5
1/11/2010,23,17,20
1/12/2010,28,12,20
1/13/2010,34,7,20.5
1/14/2010,39,22,30.5
1/15/2010,36,29,32.5
1/16/2010,32,28,30
1/17/2010,32,26,29
1/18/2010,33,31,32
1/19/2010,32,26,29
1/20/2010,32,26,29
1/21/2010,33,32,32.5
1/22/2010,36,31,33.5
1/23/2010,44,33,38.5
1/24/2010,48,31,39.5
1/25/2010,31,20,25.5
1/26/2010,20,11,15.5
1/27/2010,29,12,20.5
1/28/2010,24,8,16
1/29/2010,18,8,13
1/30/2010,22,11,16.5
1/31/2010,29,8,18.5
2/1/2010,35,16,25.5
2/2/2010,34,21,27.5
2/3/2010,28,19,23.5
2/4/2010,36,21,28.5
2/5/2010,33,29,31
2/6/2010,31,21,26
2/7/2010,28,15,21.5
2/8/2010,28,15,21.5
2/9/2010,25,9,17
2/10/2010,25,11,18
2/11/2010,26,4,15
2/12/2010,26,8,17
2/13/2010,28,7,17.5
2/14/2010,31,7,19
2/15/2010,24,14,19
2/16/2010,29,17,23
2/17/2010,30,20,25
2/18/2010,31,14,22.5
2/19/2010,36,12,24
2/20/2010,38,29,33.5
2/21/2010,36,33,34.5
2/22/2010,34,29,31.5
2/23/2010,34,21,27.5
2/24/2010,22,14,18
2/25/2010,34,18,26
2/26/2010,35,17,26
2/27/2010,34,22,28
2/28/2010,42,29,35.5
3/1/2010,39,31,35
3/2/2010,34,29,31.5
3/3/2010,39,27,33
3/4/2010,45,24,34.5
3/5/2010,46,27,36.5
3/6/2010,48,24,36
3/7/2010,46,27,36.5
3/8/2010,48,31,39.5
3/9/2010,60,32,46
3/10/2010,70,45,57.5
3/11/2010,65,44,54.5
3/12/2010,48,35,41.5
3/13/2010,49,43,46
3/14/2010,44,40,42
3/15/2010,46,39,42.5
3/16/2010,60,38,49
3/17/2010,63,36,49.5
3/18/2010,63,37,50
3/19/2010,64,39,51.5
3/20/2010,50,35,42.5
3/21/2010,46,34,40
3/22/2010,57,39,48
3/23/2010,66,28,47
3/24/2010,65,40,52.5
3/25/2010,51,29,40
3/26/2010,47,26,36.5
3/27/2010,56,29,42.5
3/28/2010,50,38,44
3/29/2010,54,34,44
3/30/2010,64,31,47.5
3/31/2010,77,44,60.5
4/1/2010,82,47,64.5
4/2/2010,78,54,66
4/3/2010,60,42,51
4/4/2010,75,41,58
4/5/2010,73,53,63
4/6/2010,81,57,69
4/7/2010,70,48,59
4/8/2010,53,36,44.5
4/9/2010,60,31,45.5
4/10/2010,74,38,56
4/11/2010,78,45,61.5
4/12/2010,78,48,63
4/13/2010,83,48,65.5
4/14/2010,84,51,67.5
4/15/2010,82,52,67
4/16/2010,69,53,61
4/17/2010,61,37,49
4/18/2010,62,39,50.5
4/19/2010,62,38,50
4/20/2010,68,44,56
4/21/2010,73,40,56.5
4/22/2010,73,43,58
4/23/2010,59,55,57
4/24/2010,69,56,62.5
4/25/2010,61,50,55.5
4/26/2010,65,48,56.5
4/27/2010,62,39,50.5
4/28/2010,65,33,49
4/29/2010,76,44,60
4/30/2010,77,60,68.5
5/1/2010,74,63,68.5
5/2/2010,71,54,62.5
5/3/2010,75,49,62
5/4/2010,77,46,61.5
5/5/2010,79,57,68
5/6/2010,73,47,60
5/7/2010,78,51,64.5
5/8/2010,51,40,45.5
5/9/2010,61,34,47.5
5/10/2010,63,42,52.5
5/11/2010,69,48,58.5
5/12/2010,69,52,60.5
5/13/2010,81,58,69.5
5/14/2010,69,51,60
5/15/2010,67,48,57.5
5/16/2010,62,53,57.5
5/17/2010,56,49,52.5
5/18/2010,64,51,57.5
5/19/2010,72,51,61.5
5/20/2010,62,51,56.5
5/21/2010,72,59,65.5
5/22/2010,79,58,68.5
5/23/2010,89,60,74.5
5/24/2010,90,68,79
5/25/2010,88,66,77
5/26/2010,89,65,77
5/27/2010,84,65,74.5
5/28/2010,85,58,71.5
5/29/2010,90,63,76.5
5/30/2010,90,66,78
5/31/2010,86,65,75.5
6/1/2010,85,63,74
6/2/2010,79,63,71
6/3/2010,82,64,73
6/4/2010,87,60,73.5
6/5/2010,84,71,77.5
6/6/2010,78,60,69
6/7/2010,78,58,68
6/8/2010,75,63,69
6/9/2010,81,66,73.5
6/10/2010,84,60,72
6/11/2010,89,68,78.5
6/12/2010,89,69,79
6/13/2010,84,68,76
6/14/2010,85,67,76
6/15/2010,84,69,76.5
6/16/2010,82,66,74
6/17/2010,85,62,73.5
6/18/2010,92,66,79
6/19/2010,86,65,75.5
6/20/2010,89,69,79
6/21/2010,90,71,80.5
6/22/2010,84,67,75.5
6/23/2010,89,69,79
6/24/2010,83,66,74.5
6/25/2010,85,63,74
6/26/2010,90,67,78.5
6/27/2010,86,73,79.5
6/28/2010,85,71,78
6/29/2010,78,62,70
6/30/2010,78,57,67.5
7/1/2010,80,55,67.5
7/2/2010,81,56,68.5
7/3/2010,86,57,71.5
7/4/2010,89,65,77
7/5/2010,88,68,78
7/6/2010,91,67,79
7/7/2010,93,69,81
7/8/2010,88,72,80
7/9/2010,87,68,77.5
7/10/2010,87,63,75
7/11/2010,83,62,72.5
7/12/2010,86,67,76.5
7/13/2010,85,69,77
7/14/2010,92,68,80
7/15/2010,92,72,82
7/16/2010,86,66,76
7/17/2010,91,66,78.5
7/18/2010,82,69,75.5
7/19/2010,84,67,75.5
7/20/2010,82,67,74.5
7/21/2010,86,70,78
7/22/2010,91,69,80
7/23/2010,92,76,84
7/24/2010,92,72,82
7/25/2010,84,68,76
7/26/2010,86,65,75.5
7/27/2010,89,69,79
7/28/2010,91,71,81
7/29/2010,85,71,78
7/30/2010,83,65,74
7/31/2010,83,68,75.5
8/1/2010,83,63,73
8/2/2010,84,64,74
8/3/2010,94,70,82
8/4/2010,95,74,84.5
8/5/2010,88,72,80
8/6/2010,83,64,73.5
8/7/2010,85,60,72.5
8/8/2010,91,61,76
8/9/2010,93,69,81
8/10/2010,94,75,84.5
8/11/2010,94,73,83.5
8/12/2010,93,74,83.5
8/13/2010,95,71,83
8/14/2010,90,70,80
8/15/2010,89,69,79
8/16/2010,84,63,73.5
8/17/2010,81,61,71
8/18/2010,87,65,76
8/19/2010,91,63,77
8/20/2010,93,67,80
8/21/2010,85,68,76.5
8/22/2010,88,68,78
8/23/2010,86,64,75
8/24/2010,85,64,74.5
8/25/2010,82,63,72.5
8/26/2010,80,57,68.5
8/27/2010,85,54,69.5
8/28/2010,90,57,73.5
8/29/2010,94,67,80.5
8/30/2010,86,65,75.5
8/31/2010,92,66,79
9/1/2010,80,69,74.5
9/2/2010,84,67,75.5
9/3/2010,75,59,67
9/4/2010,71,52,61.5
9/5/2010,80,47,63.5
9/6/2010,86,55,70.5
9/7/2010,80,58,69
9/8/2010,79,50,64.5
9/9/2010,79,50,64.5
9/10/2010,72,56,64
9/11/2010,79,59,69
9/12/2010,83,53,68
9/13/2010,87,57,72
9/14/2010,84,61,72.5
9/15/2010,86,57,71.5
9/16/2010,74,57,65.5
9/17/2010,80,49,64.5
9/18/2010,83,51,67
9/19/2010,79,59,69
9/20/2010,90,62,76
9/21/2010,94,62,78
9/22/2010,80,64,72
9/23/2010,91,63,77
9/24/2010,77,57,67
9/25/2010,70,47,58.5
9/26/2010,61,50,55.5
9/27/2010,67,45,56
9/28/2010,75,45,60
9/29/2010,79,48,63.5
9/30/2010,78,51,64.5
10/1/2010,74,47,60.5
10/2/2010,59,45,52
10/3/2010,60,42,51
10/4/2010,61,37,49
10/5/2010,69,36,52.5
10/6/2010,78,43,60.5
10/7/2010,79,52,65.5
10/8/2010,81,42,61.5
10/9/2010,86,47,66.5
10/10/2010,85,51,68
10/11/2010,83,55,69
10/12/2010,81,55,68
10/13/2010,63,51,57
10/14/2010,67,39,53
10/15/2010,64,43,53.5
10/16/2010,73,38,55.5
10/17/2010,73,46,59.5
10/18/2010,60,42,51
10/19/2010,64,37,50.5
10/20/2010,70,36,53
10/21/2010,60,37,48.5
10/22/2010,69,31,50
10/23/2010,81,54,67.5
10/24/2010,78,56,67
10/25/2010,76,53,64.5
10/26/2010,71,49,60
10/27/2010,67,47,57
10/28/2010,47,32,39.5
10/29/2010,54,26,40
10/30/2010,64,32,48
10/31/2010,56,38,47
11/1/2010,57,36,46.5
11/2/2010,51,32,41.5
11/3/2010,58,29,43.5
11/4/2010,53,39,46
11/5/2010,42,31,36.5
11/6/2010,46,22,34
11/7/2010,63,25,44
11/8/2010,71,36,53.5
11/9/2010,75,36,55.5
11/10/2010,72,38,55
11/11/2010,77,45,61
11/12/2010,75,44,59.5
11/13/2010,54,39,46.5
11/14/2010,52,29,40.5
11/15/2010,58,32,45
11/16/2010,45,29,37
11/17/2010,50,29,39.5
11/18/2010,44,25,34.5
11/19/2010,51,19,35
11/20/2010,44,27,35.5
11/21/2010,62,37,49.5
11/22/2010,68,41,54.5
11/23/2010,41,26,33.5
11/24/2010,40,26,33
11/25/2010,46,23,34.5
11/26/2010,35,21,28
11/27/2010,37,24,30.5
11/28/2010,46,23,34.5
11/29/2010,49,32,40.5
11/30/2010,51,25,38
12/1/2010,27,20,23.5
12/2/2010,33,21,27
12/3/2010,35,24,29.5
12/4/2010,30,27,28.5
12/5/2010,27,11,19
12/6/2010,18,5,11.5
12/7/2010,19,5,12
12/8/2010,21,4,12.5
12/9/2010,32,-1,15.5
12/10/2010,39,25,32
12/11/2010,39,20,29.5
12/12/2010,25,13,19
12/13/2010,13,5,9
12/14/2010,19,1,10
12/15/2010,24,3,13.5
12/16/2010,24,21,22.5
12/17/2010,22,13,17.5
12/18/2010,27,9,18
12/19/2010,29,2,15.5
12/20/2010,31,21,26
12/21/2010,36,31,33.5
12/22/2010,33,18,25.5
12/23/2010,32,20,26
12/24/2010,30,24,27
12/25/2010,28,24,26
12/26/2010,27,18,22.5
12/27/2010,21,13,17
12/28/2010,29,11,20
12/29/2010,35,11,23
12/30/2010,48,35,41.5
12/31/2010,58,45,51.5
1/1/2011,45,17,31
1/2/2011,29,13,21
1/3/2011,38,17,27.5
1/4/2011,30,15,22.5
1/5/2011,36,13,24.5
1/6/2011,31,22,26.5
1/7/2011,27,16,21.5
1/8/2011,20,6,13
1/9/2011,27,4,15.5
1/10/2011,35,20,27.5
1/11/2011,26,21,23.5
1/12/2011,23,12,17.5
1/13/2011,17,3,10
1/14/2011,28,8,18
1/15/2011,32,16,24
1/16/2011,25,10,17.5
1/17/2011,36,20,28
1/18/2011,36,26,31
1/19/2011,27,21,24
1/20/2011,21,5,13
1/21/2011,6,-6,0
1/22/2011,20,-1,9.5
1/23/2011,22,7,14.5
1/24/2011,31,15,23
1/25/2011,28,14,21
1/26/2011,27,20,23.5
1/27/2011,39,19,29
1/28/2011,28,18,23
1/29/2011,36,21,28.5
1/30/2011,36,24,30
1/31/2011,26,18,22
2/1/2011,21,16,18.5
2/2/2011,21,7,14
2/3/2011,15,0,7.5
2/4/2011,25,7,16
2/5/2011,28,20,24
2/6/2011,33,24,28.5
2/7/2011,30,17,23.5
2/8/2011,17,1,9
2/9/2011,12,2,7
2/10/2011,18,-12,3
2/11/2011,32,14,23
2/12/2011,37,24,30.5
2/13/2011,44,31,37.5
2/14/2011,44,27,35.5
2/15/2011,38,26,32
2/16/2011,54,33,43.5
2/17/2011,61,43,52
2/18/2011,55,35,45
2/19/2011,47,29,38
2/20/2011,59,32,45.5
2/21/2011,55,32,43.5
2/22/2011,32,27,29.5
2/23/2011,39,27,33
2/24/2011,38,30,34
2/25/2011,33,29,31
2/26/2011,36,29,32.5
2/27/2011,55,34,44.5
2/28/2011,39,26,32.5
3/1/2011,46,23,34.5
3/2/2011,45,28,36.5
3/3/2011,54,27,40.5
3/4/2011,60,39,49.5
3/5/2011,54,28,41
3/6/2011,36,26,31
3/7/2011,42,28,35
3/8/2011,51,34,42.5
3/9/2011,49,35,42
3/10/2011,36,31,33.5
3/11/2011,48,26,37
3/12/2011,49,32,40.5
3/13/2011,37,28,32.5
3/14/2011,44,31,37.5
3/15/2011,41,35,38
3/16/2011,62,32,47
3/17/2011,73,40,56.5
3/18/2011,62,41,51.5
3/19/2011,58,33,45.5
3/20/2011,68,42,55
3/21/2011,71,51,61
3/22/2011,72,46,59
3/23/2011,73,33,53
3/24/2011,38,30,34
3/25/2011,41,27,34
3/26/2011,38,25,31.5
3/27/2011,42,24,33
3/28/2011,46,24,35
3/29/2011,48,29,38.5
3/30/2011,51,32,41.5
3/31/2011,52,28,40
4/1/2011,51,35,43
4/2/2011,60,32,46
4/3/2011,80,41,60.5
4/4/2011,70,41,55.5
4/5/2011,55,32,43.5
4/6/2011,72,43,57.5
4/7/2011,60,40,50
4/8/2011,59,45,52
4/9/2011,78,49,63.5
4/10/2011,82,61,71.5
4/11/2011,74,51,62.5
4/12/2011,61,41,51
4/13/2011,66,40,53
4/14/2011,73,43,58
4/15/2011,60,44,52
4/16/2011,50,38,44
4/17/2011,60,36,48
4/18/2011,60,43,51.5
4/19/2011,73,39,56
4/20/2011,44,33,38.5
4/21/2011,59,33,46
4/22/2011,65,46,55.5
4/23/2011,67,48,57.5
4/24/2011,61,50,55.5
4/25/2011,64,52,58
4/26/2011,70,55,62.5
4/27/2011,56,42,49
4/28/2011,58,40,49
4/29/2011,62,43,52.5
4/30/2011,73,48,60.5
5/1/2011,65,44,54.5
5/2/2011,55,44,49.5
5/3/2011,58,41,49.5
5/4/2011,56,37,46.5
5/5/2011,63,34,48.5
5/6/2011,68,45,56.5
5/7/2011,76,52,64
5/8/2011,73,51,62
5/9/2011,78,55,66.5
5/10/2011,89,64,76.5
5/11/2011,88,61,74.5
5/12/2011,85,64,74.5
5/13/2011,80,53,66.5
5/14/2011,54,48,51
5/15/2011,50,42,46
5/16/2011,59,37,48
5/17/2011,60,38,49
5/18/2011,61,48,54.5
5/19/2011,75,48,61.5
5/20/2011,82,54,68
5/21/2011,80,61,70.5
5/22/2011,86,62,74
5/23/2011,82,61,71.5
5/24/2011,85,60,72.5
5/25/2011,76,60,68
5/26/2011,61,46,53.5
5/27/2011,63,46,54.5
5/28/2011,66,54,60
5/29/2011,83,62,72.5
5/30/2011,88,65,76.5
5/31/2011,86,68,77
6/1/2011,86,60,73
6/2/2011,79,59,69
6/3/2011,90,63,76.5
6/4/2011,94,72,83
6/5/2011,85,65,75
6/6/2011,93,67,80
6/7/2011,95,72,83.5
6/8/2011,95,74,84.5
6/9/2011,92,61,76.5
6/10/2011,88,60,74
6/11/2011,79,58,68.5
6/12/2011,74,55,64.5
6/13/2011,79,55,67
6/14/2011,76,61,68.5
6/15/2011,78,60,69
6/16/2011,84,58,71
6/17/2011,84,63,73.5
6/18/2011,80,67,73.5
6/19/2011,81,66,73.5
6/20/2011,85,69,77
6/21/2011,87,67,77
6/22/2011,78,66,72
6/23/2011,72,63,67.5
6/24/2011,70,61,65.5
6/25/2011,79,55,67
6/26/2011,79,65,72
6/27/2011,83,64,73.5
6/28/2011,81,62,71.5
6/29/2011,83,58,70.5
6/30/2011,87,61,74
7/1/2011,83,69,76
7/2/2011,95,72,83.5
7/3/2011,89,70,79.5
7/4/2011,86,66,76
7/5/2011,87,61,74
7/6/2011,90,69,79.5
7/7/2011,89,68,78.5
7/8/2011,89,65,77
7/9/2011,91,66,78.5
7/10/2011,92,67,79.5
7/11/2011,98,74,86
7/12/2011,93,74,83.5
7/13/2011,82,63,72.5
7/14/2011,84,60,72
7/15/2011,85,64,74.5
7/16/2011,88,68,78
7/17/2011,94,67,80.5
7/18/2011,93,74,83.5
7/19/2011,100,76,88
7/20/2011,98,78,88
7/21/2011,101,76,88.5
7/22/2011,100,76,88
7/23/2011,97,77,87
7/24/2011,87,71,79
7/25/2011,91,70,80.5
7/26/2011,95,71,83
7/27/2011,93,70,81.5
7/28/2011,96,73,84.5
7/29/2011,88,72,80
7/30/2011,89,71,80
7/31/2011,94,72,83
8/1/2011,94,70,82
8/2/2011,97,72,84.5
8/3/2011,93,71,82
8/4/2011,89,65,77
8/5/2011,90,72,81
8/6/2011,87,70,78.5
8/7/2011,92,71,81.5
8/8/2011,87,67,77
8/9/2011,90,66,78
8/10/2011,82,60,71
8/11/2011,82,55,68.5
8/12/2011,87,57,72
8/13/2011,89,60,74.5
8/14/2011,79,62,70.5
8/15/2011,83,61,72
8/16/2011,84,56,70
8/17/2011,89,60,74.5
8/18/2011,91,66,78.5
8/19/2011,92,67,79.5
8/20/2011,89,65,77
8/21/2011,87,63,75
8/22/2011,87,59,73
8/23/2011,83,59,71
8/24/2011,96,71,83.5
8/25/2011,86,63,74.5
8/26/2011,86,59,72.5
8/27/2011,88,63,75.5
8/28/2011,82,60,71
8/29/2011,83,61,72
8/30/2011,85,57,71
8/31/2011,98,63,80.5
9/1/2011,102,73,87.5
9/2/2011,101,69,85
9/3/2011,99,68,83.5
9/4/2011,78,59,68.5
9/5/2011,72,51,61.5
9/6/2011,73,47,60
9/7/2011,76,49,62.5
9/8/2011,72,54,63
9/9/2011,69,58,63.5
9/10/2011,76,56,66
9/11/2011,83,60,71.5
9/12/2011,88,55,71.5
9/13/2011,88,60,74
9/14/2011,70,47,58.5
9/15/2011,64,41,52.5
9/16/2011,63,47,55
9/17/2011,75,53,64
9/18/2011,67,58,62.5
9/19/2011,69,54,61.5
9/20/2011,80,50,65
9/21/2011,78,54,66
9/22/2011,64,51,57.5
9/23/2011,69,44,56.5
9/24/2011,66,51,58.5
9/25/2011,66,48,57
9/26/2011,66,47,56.5
9/27/2011,59,52,55.5
9/28/2011,70,50,60
9/29/2011,80,47,63.5
9/30/2011,66,46,56
10/1/2011,62,40,51
10/2/2011,69,42,55.5
10/3/2011,78,44,61
10/4/2011,81,43,62
10/5/2011,85,48,66.5
10/6/2011,86,51,68.5
10/7/2011,87,52,69.5
10/8/2011,84,52,68
10/9/2011,84,49,66.5
10/10/2011,82,50,66
10/11/2011,82,54,68
10/12/2011,78,52,65
10/13/2011,67,51,59
10/14/2011,65,46,55.5
10/15/2011,64,41,52.5
10/16/2011,70,46,58
10/17/2011,62,37,49.5
10/18/2011,49,44,46.5
10/19/2011,46,42,44
10/20/2011,46,36,41
10/21/2011,58,32,45
10/22/2011,69,31,50
10/23/2011,70,41,55.5
10/24/2011,66,44,55
10/25/2011,78,40,59
10/26/2011,65,46,55.5
10/27/2011,52,36,44
10/28/2011,54,33,43.5
10/29/2011,57,32,44.5
10/30/2011,60,32,46
10/31/2011,56,33,44.5
11/1/2011,72,31,51.5
11/2/2011,71,40,55.5
11/3/2011,48,45,46.5
11/4/2011,55,36,45.5
11/5/2011,59,30,44.5
11/6/2011,58,36,47
11/7/2011,57,50,53.5
11/8/2011,67,51,59
11/9/2011,59,33,46
11/10/2011,42,28,35
11/11/2011,48,24,36
11/12/2011,61,35,48
11/13/2011,71,51,61
11/14/2011,73,47,60
11/15/2011,61,41,51
11/16/2011,50,31,40.5
11/17/2011,42,27,34.5
11/18/2011,52,28,40
11/19/2011,59,42,50.5
11/20/2011,58,37,47.5
11/21/2011,47,39,43
11/22/2011,44,40,42
11/23/2011,47,34,40.5
11/24/2011,46,40,43
11/25/2011,61,39,50
11/26/2011,61,41,51
11/27/2011,42,34,38
11/28/2011,39,33,36
11/29/2011,43,29,36
11/30/2011,40,23,31.5
12/1/2011,46,24,35
12/2/2011,39,31,35
12/3/2011,55,38,46.5
12/4/2011,52,32,42
12/5/2011,37,32,34.5
12/6/2011,36,27,31.5
12/7/2011,35,25,30
12/8/2011,39,21,30
12/9/2011,35,18,26.5
12/10/2011,29,11,20
12/11/2011,43,18,30.5
12/12/2011,47,21,34
12/13/2011,42,32,37
12/14/2011,56,41,48.5
12/15/2011,58,31,44.5
12/16/2011,35,25,30
12/17/2011,39,24,31.5
12/18/2011,47,24,35.5
12/19/2011,53,40,46.5
12/20/2011,44,36,40
12/21/2011,44,33,38.5
12/22/2011,39,29,34
12/23/2011,36,26,31
12/24/2011,39,21,30
12/25/2011,46,28,37
12/26/2011,44,23,33.5
12/27/2011,38,30,34
12/28/2011,36,23,29.5
12/29/2011,53,35,44
12/30/2011,46,36,41
12/31/2011,43,35,39
1/1/2012,45,29,37
1/2/2012,29,17,23
1/3/2012,30,10,20
1/4/2012,47,26,36.5
1/5/2012,54,22,38
1/6/2012,59,33,46
1/7/2012,46,31,38.5
1/8/2012,42,26,34
1/9/2012,47,25,36
1/10/2012,56,26,41
1/11/2012,48,36,42
1/12/2012,42,13,27.5
1/13/2012,17,11,14
1/14/2012,22,4,13
1/15/2012,34,7,20.5
1/16/2012,56,28,42
1/17/2012,57,17,37
1/18/2012,28,11,19.5
1/19/2012,29,7,18
1/20/2012,22,6,14
1/21/2012,26,17,21.5
1/22/2012,53,22,37.5
1/23/2012,48,31,39.5
1/24/2012,35,26,30.5
1/25/2012,32,25,28.5
1/26/2012,34,32,33
1/27/2012,41,32,36.5
1/28/2012,38,26,32
1/29/2012,36,24,30
1/30/2012,56,24,40
1/31/2012,61,42,51.5
2/1/2012,53,34,43.5
2/2/2012,53,31,42
2/3/2012,54,33,43.5
2/4/2012,41,36,38.5
2/5/2012,47,28,37.5
2/6/2012,32,22,27
2/7/2012,37,25,31
2/8/2012,31,27,29
2/9/2012,38,22,30
2/10/2012,36,16,26
2/11/2012,25,11,18
2/12/2012,36,14,25
2/13/2012,36,17,26.5
2/14/2012,37,27,32
2/15/2012,40,28,34
2/16/2012,46,29,37.5
2/17/2012,51,24,37.5
2/18/2012,41,27,34
2/19/2012,38,24,31
2/20/2012,44,21,32.5
2/21/2012,47,34,40.5
2/22/2012,54,32,43
2/23/2012,48,32,40
2/24/2012,41,25,33
2/25/2012,32,22,27
2/26/2012,53,20,36.5
2/27/2012,47,26,36.5
2/28/2012,52,25,38.5
2/29/2012,66,36,51
3/1/2012,53,34,43.5
3/2/2012,58,33,45.5
3/3/2012,34,29,31.5
3/4/2012,40,23,31.5
3/5/2012,37,21,29
3/6/2012,68,30,49
3/7/2012,68,46,57
3/8/2012,60,33,46.5
3/9/2012,44,28,36
3/10/2012,58,24,41
3/11/2012,68,30,49
3/12/2012,75,51,63
3/13/2012,78,41,59.5
3/14/2012,81,47,64
3/15/2012,81,58,69.5
3/16/2012,79,53,66
3/17/2012,81,49,65
3/18/2012,80,54,67
3/19/2012,81,57,69
3/20/2012,82,58,70
3/21/2012,83,58,70.5
3/22/2012,76,60,68
3/23/2012,71,48,59.5
3/24/2012,69,47,58
3/25/2012,72,52,62
3/26/2012,53,42,47.5
3/27/2012,73,38,55.5
3/28/2012,74,49,61.5
3/29/2012,60,43,51.5
3/30/2012,75,46,60.5
3/31/2012,64,41,52.5
4/1/2012,84,49,66.5
4/2/2012,75,54,64.5
4/3/2012,86,51,68.5
4/4/2012,70,46,58
4/5/2012,61,38,49.5
4/6/2012,64,33,48.5
4/7/2012,65,36,50.5
4/8/2012,67,42,54.5
4/9/2012,67,47,57
4/10/2012,53,32,42.5
4/11/2012,56,29,42.5
4/12/2012,63,31,47
4/13/2012,61,37,49
4/14/2012,66,50,58
4/15/2012,75,60,67.5
4/16/2012,61,44,52.5
4/17/2012,64,41,52.5
4/18/2012,72,41,56.5
4/19/2012,76,48,62
4/20/2012,60,41,50.5
4/21/2012,55,39,47
4/22/2012,57,39,48
4/23/2012,61,37,49
4/24/2012,65,41,53
4/25/2012,76,46,61
4/26/2012,71,38,54.5
4/27/2012,59,35,47
4/28/2012,59,45,52
4/29/2012,58,44,51
4/30/2012,70,55,62.5
5/1/2012,77,54,65.5
5/2/2012,83,60,71.5
5/3/2012,86,65,75.5
5/4/2012,81,60,70.5
5/5/2012,87,55,71
5/6/2012,89,63,76
5/7/2012,75,57,66
5/8/2012,71,53,62
5/9/2012,69,48,58.5
5/10/2012,71,43,57
5/11/2012,77,47,62
5/12/2012,76,53,64.5
5/13/2012,77,51,64
5/14/2012,80,55,67.5
5/15/2012,82,51,66.5
5/16/2012,73,50,61.5
5/17/2012,78,47,62.5
5/18/2012,86,49,67.5
5/19/2012,92,60,76
5/20/2012,91,62,76.5
5/21/2012,67,54,60.5
5/22/2012,74,50,62
5/23/2012,82,48,65
5/24/2012,88,56,72
5/25/2012,90,70,80
5/26/2012,93,67,80
5/27/2012,95,68,81.5
5/28/2012,93,69,81
5/29/2012,83,64,73.5
5/30/2012,76,56,66
5/31/2012,62,51,56.5
6/1/2012,65,49,57
6/2/2012,71,47,59
6/3/2012,80,52,66
6/4/2012,72,58,65
6/5/2012,77,54,65.5
6/6/2012,77,53,65
6/7/2012,83,53,68
6/8/2012,85,55,70
6/9/2012,88,56,72
6/10/2012,88,62,75
6/11/2012,85,64,74.5
6/12/2012,80,60,70
6/13/2012,80,53,66.5
6/14/2012,86,56,71
6/15/2012,90,57,73.5
6/16/2012,93,63,78
6/17/2012,85,67,76
6/18/2012,91,68,79.5
6/19/2012,93,69,81
6/20/2012,92,66,79
6/21/2012,85,63,74
6/22/2012,83,62,72.5
6/23/2012,85,59,72
6/24/2012,89,64,76.5
6/25/2012,82,59,70.5
6/26/2012,82,54,68
6/27/2012,92,54,73
6/28/2012,100,67,83.5
6/29/2012,100,74,87
6/30/2012,93,68,80.5
7/1/2012,95,71,83
7/2/2012,99,69,84
7/3/2012,97,69,83
7/4/2012,100,72,86
7/5/2012,102,71,86.5
7/6/2012,103,73,88
7/7/2012,103,74,88.5
7/8/2012,89,69,79
7/9/2012,91,66,78.5
7/10/2012,91,68,79.5
7/11/2012,92,65,78.5
7/12/2012,95,67,81
7/13/2012,94,66,80
7/14/2012,84,68,76
7/15/2012,94,67,80.5
7/16/2012,96,71,83.5
7/17/2012,98,73,85.5
7/18/2012,101,73,87
7/19/2012,98,73,85.5
7/20/2012,86,68,77
7/21/2012,93,63,78
7/22/2012,99,68,83.5
7/23/2012,102,74,88
7/24/2012,97,75,86
7/25/2012,103,72,87.5
7/26/2012,90,71,80.5
7/27/2012,90,65,77.5
7/28/2012,88,66,77
7/29/2012,90,63,76.5
7/30/2012,96,66,81
7/31/2012,99,66,82.5
8/1/2012,94,65,79.5
8/2/2012,101,61,81
8/3/2012,97,66,81.5
8/4/2012,98,72,85
8/5/2012,88,70,79
8/6/2012,89,63,76
8/7/2012,96,62,79
8/8/2012,95,68,81.5
8/9/2012,92,65,78.5
8/10/2012,79,60,69.5
8/11/2012,81,54,67.5
8/12/2012,81,56,68.5
8/13/2012,72,61,66.5
8/14/2012,83,62,72.5
8/15/2012,90,60,75
8/16/2012,73,62,67.5
8/17/2012,76,56,66
8/18/2012,79,53,66
8/19/2012,78,57,67.5
8/20/2012,81,54,67.5
8/21/2012,81,55,68
8/22/2012,88,55,71.5
8/23/2012,92,58,75
8/24/2012,95,61,78
8/25/2012,94,61,77.5
8/26/2012,89,62,75.5
8/27/2012,88,66,77
8/28/2012,87,62,74.5
8/29/2012,87,63,75
8/30/2012,92,61,76.5
8/31/2012,84,65,74.5
9/1/2012,82,71,76.5
9/2/2012,76,71,73.5
9/3/2012,87,71,79
9/4/2012,91,68,79.5
9/5/2012,80,66,73
9/6/2012,88,66,77
9/7/2012,74,60,67
9/8/2012,72,54,63
9/9/2012,72,54,63
9/10/2012,78,51,64.5
9/11/2012,83,51,67
9/12/2012,85,53,69
9/13/2012,86,58,72
9/14/2012,72,53,62.5
9/15/2012,76,49,62.5
9/16/2012,79,49,64
9/17/2012,78,55,66.5
9/18/2012,64,43,53.5
9/19/2012,72,38,55
9/20/2012,75,50,62.5
9/21/2012,77,46,61.5
9/22/2012,60,42,51
9/23/2012,65,41,53
9/24/2012,71,35,53
9/25/2012,70,53,61.5
9/26/2012,72,59,65.5
9/27/2012,73,54,63.5
9/28/2012,71,52,61.5
9/29/2012,75,49,62
9/30/2012,71,51,61
10/1/2012,64,49,56.5
10/2/2012,61,53,57
10/3/2012,71,54,62.5
10/4/2012,80,50,65
10/5/2012,51,36,43.5
10/6/2012,51,32,41.5
10/7/2012,51,31,41
10/8/2012,59,28,43.5
10/9/2012,65,35,50
10/10/2012,54,33,43.5
10/11/2012,64,31,47.5
10/12/2012,61,43,52
10/13/2012,67,45,56
10/14/2012,72,49,60.5
10/15/2012,62,42,52
10/16/2012,71,39,55
10/17/2012,68,50,59
10/18/2012,58,43,50.5
10/19/2012,50,44,47
10/20/2012,56,40,48
10/21/2012,71,39,55
10/22/2012,68,55,61.5
10/23/2012,70,58,64
10/24/2012,78,55,66.5
10/25/2012,77,43,60
10/26/2012,49,38,43.5
10/27/2012,50,34,42
10/28/2012,49,34,41.5
10/29/2012,53,33,43
10/30/2012,49,36,42.5
10/31/2012,50,31,40.5
11/1/2012,56,29,42.5
11/2/2012,51,34,42.5
11/3/2012,40,34,37
11/4/2012,48,31,39.5
11/5/2012,48,31,39.5
11/6/2012,45,29,37
11/7/2012,44,39,41.5
11/8/2012,50,34,42
11/9/2012,63,32,47.5
11/10/2012,72,46,59
11/11/2012,68,43,55.5
11/12/2012,43,28,35.5
11/13/2012,41,24,32.5
11/14/2012,43,27,35
11/15/2012,48,25,36.5
11/16/2012,53,26,39.5
11/17/2012,54,28,41
11/18/2012,59,32,45.5
11/19/2012,58,36,47
11/20/2012,59,45,52
11/21/2012,62,35,48.5
11/22/2012,61,34,47.5
11/23/2012,48,23,35.5
11/24/2012,31,23,27
11/25/2012,46,29,37.5
11/26/2012,43,30,36.5
11/27/2012,38,21,29.5
11/28/2012,47,22,34.5
11/29/2012,53,23,38
11/30/2012,59,31,45
12/1/2012,63,32,47.5
12/2/2012,66,51,58.5
12/3/2012,71,55,63
12/4/2012,60,37,48.5
12/5/2012,46,31,38.5
12/6/2012,50,29,39.5
12/7/2012,46,42,44
12/8/2012,45,38,41.5
12/9/2012,49,37,43
12/10/2012,39,27,33
12/11/2012,36,19,27.5
12/12/2012,45,20,32.5
12/13/2012,46,25,35.5
12/14/2012,51,27,39
12/15/2012,52,37,44.5
12/16/2012,50,38,44
12/17/2012,39,34,36.5
12/18/2012,47,33,40
12/19/2012,41,34,37.5
12/20/2012,53,25,39
12/21/2012,28,17,22.5
12/22/2012,32,12,22
12/23/2012,38,21,29.5
12/24/2012,33,26,29.5
12/25/2012,35,26,30.5
12/26/2012,32,28,30
12/27/2012,31,27,29
12/28/2012,32,28,30
12/29/2012,31,16,23.5
12/30/2012,38,13,25.5
12/31/2012,35,22,28.5
1/1/2013,23,11,17
1/2/2013,24,6,15
1/3/2013,31,14,22.5
1/4/2013,32,10,21
1/5/2013,36,15,25.5
1/6/2013,34,18,26
1/7/2013,38,13,25.5
1/8/2013,46,21,33.5
1/9/2013,51,29,40
1/10/2013,47,27,37
1/11/2013,57,47,52
1/12/2013,59,31,45
1/13/2013,31,15,23
1/14/2013,25,13,19
1/15/2013,30,15,22.5
1/16/2013,37,20,28.5
1/17/2013,35,21,28
1/18/2013,41,18,29.5
1/19/2013,53,34,43.5
1/20/2013,39,17,28
1/21/2013,18,5,11.5
1/22/2013,16,3,9.5
1/23/2013,32,10,21
1/24/2013,26,8,17
1/25/2013,34,18,26
1/26/2013,32,14,23
1/27/2013,40,20,30
1/28/2013,56,40,48
1/29/2013,60,52,56
1/30/2013,53,22,37.5
1/31/2013,24,6,15
2/1/2013,20,4,12
2/2/2013,29,12,20.5
2/3/2013,28,13,20.5
2/4/2013,42,18,30
2/5/2013,40,25,32.5
2/6/2013,43,27,35
2/7/2013,53,29,41
2/8/2013,34,26,30
2/9/2013,40,28,34
2/10/2013,51,33,42
2/11/2013,45,29,37
2/12/2013,35,23,29
2/13/2013,50,27,38.5
2/14/2013,47,29,38
2/15/2013,35,23,29
2/16/2013,29,15,22
2/17/2013,37,10,23.5
2/18/2013,54,27,40.5
2/19/2013,29,17,23
2/20/2013,26,8,17
2/21/2013,30,14,22
2/22/2013,34,26,30
2/23/2013,28,18,23
2/24/2013,36,14,25
2/25/2013,46,25,35.5
2/26/2013,35,32,33.5
2/27/2013,32,31,31.5
2/28/2013,37,30,33.5
3/1/2013,31,25,28
3/2/2013,31,20,25.5
3/3/2013,34,15,24.5
3/4/2013,35,24,29.5
3/5/2013,36,27,31.5
3/6/2013,30,26,28
3/7/2013,34,26,30
3/8/2013,44,23,33.5
3/9/2013,51,32,41.5
3/10/2013,61,47,54
3/11/2013,49,31,40
3/12/2013,42,27,34.5
3/13/2013,35,23,29
3/14/2013,41,21,31
3/15/2013,56,27,41.5
3/16/2013,43,31,37
3/17/2013,40,30,35
3/18/2013,40,26,33
3/19/2013,42,21,31.5
3/20/2013,31,19,25
3/21/2013,36,14,25
3/22/2013,45,18,31.5
3/23/2013,49,32,40.5
3/24/2013,33,28,30.5
3/25/2013,31,26,28.5
3/26/2013,37,29,33
3/27/2013,40,28,34
3/28/2013,46,26,36
3/29/2013,56,30,43
3/30/2013,58,32,45
3/31/2013,63,40,51.5
4/1/2013,45,31,38
4/2/2013,47,26,36.5
4/3/2013,51,27,39
4/4/2013,59,30,44.5
4/5/2013,59,38,48.5
4/6/2013,71,37,54
4/7/2013,71,48,59.5
4/8/2013,74,54,64
4/9/2013,76,54,65
4/10/2013,71,45,58
4/11/2013,59,38,48.5
4/12/2013,43,36,39.5
4/13/2013,52,38,45
4/14/2013,73,41,57
4/15/2013,66,47,56.5
4/16/2013,52,43,47.5
4/17/2013,72,44,58
4/18/2013,70,40,55
4/19/2013,41,34,37.5
4/20/2013,49,29,39
4/21/2013,56,32,44
4/22/2013,67,37,52
4/23/2013,60,39,49.5
4/24/2013,49,35,42
4/25/2013,54,36,45
4/26/2013,64,36,50
4/27/2013,62,45,53.5
4/28/2013,60,52,56
4/29/2013,71,43,57
4/30/2013,81,53,67
5/1/2013,81,54,67.5
5/2/2013,78,47,62.5
5/3/2013,71,44,57.5
5/4/2013,65,53,59
5/5/2013,66,52,59
5/6/2013,71,54,62.5
5/7/2013,77,55,66
5/8/2013,80,53,66.5
5/9/2013,69,57,63
5/10/2013,67,47,57
5/11/2013,65,41,53
5/12/2013,58,36,47
5/13/2013,67,36,51.5
5/14/2013,86,50,68
5/15/2013,85,64,74.5
5/16/2013,83,64,73.5
5/17/2013,82,59,70.5
5/18/2013,80,60,70
5/19/2013,88,59,73.5
5/20/2013,87,62,74.5
5/21/2013,81,62,71.5
5/22/2013,75,60,67.5
5/23/2013,61,43,52
5/24/2013,70,39,54.5
5/25/2013,61,44,52.5
5/26/2013,66,50,58
5/27/2013,79,57,68
5/28/2013,80,61,70.5
5/29/2013,85,63,74
5/30/2013,86,65,75.5
5/31/2013,77,63,70
6/1/2013,73,60,66.5
6/2/2013,68,52,60
6/3/2013,69,49,59
6/4/2013,74,50,62
6/5/2013,81,57,69
6/6/2013,80,61,70.5
6/7/2013,74,56,65
6/8/2013,79,52,65.5
6/9/2013,81,59,70
6/10/2013,80,59,69.5
6/11/2013,86,58,72
6/12/2013,94,70,82
6/13/2013,82,61,71.5
6/14/2013,82,56,69
6/15/2013,82,62,72
6/16/2013,81,65,73
6/17/2013,86,64,75
6/18/2013,86,62,74
6/19/2013,84,59,71.5
6/20/2013,88,63,75.5
6/21/2013,90,65,77.5
6/22/2013,87,65,76
6/23/2013,82,65,73.5
6/24/2013,88,64,76
6/25/2013,89,63,76
6/26/2013,81,64,72.5
6/27/2013,90,71,80.5
6/28/2013,85,67,76
6/29/2013,75,63,69
6/30/2013,77,62,69.5
7/1/2013,77,62,69.5
7/2/2013,69,61,65
7/3/2013,76,60,68
7/4/2013,80,57,68.5
7/5/2013,83,62,72.5
7/6/2013,77,64,70.5
7/7/2013,88,62,75
7/8/2013,87,70,78.5
7/9/2013,90,75,82.5
7/10/2013,85,67,76
7/11/2013,80,61,70.5
7/12/2013,83,57,70
7/13/2013,84,61,72.5
7/14/2013,89,65,77
7/15/2013,89,72,80.5
7/16/2013,91,70,80.5
7/17/2013,93,71,82
7/18/2013,93,71,82
7/19/2013,93,74,83.5
7/20/2013,88,69,78.5
7/21/2013,78,66,72
7/22/2013,85,66,75.5
7/23/2013,85,63,74
7/24/2013,75,57,66
7/25/2013,79,54,66.5
7/26/2013,74,58,66
7/27/2013,72,52,62
7/28/2013,74,49,61.5
7/29/2013,77,54,65.5
7/30/2013,69,62,65.5
7/31/2013,77,64,70.5
8/1/2013,82,62,72
8/2/2013,83,60,71.5
8/3/2013,81,62,71.5
8/4/2013,79,57,68
8/5/2013,79,56,67.5
8/6/2013,84,67,75.5
8/7/2013,82,66,74
8/8/2013,79,68,73.5
8/9/2013,82,63,72.5
8/10/2013,84,67,75.5
8/11/2013,84,58,71
8/12/2013,84,64,74
8/13/2013,76,53,64.5
8/14/2013,72,50,61
8/15/2013,76,52,64
8/16/2013,79,60,69.5
8/17/2013,80,59,69.5
8/18/2013,83,61,72
8/19/2013,85,59,72
8/20/2013,87,60,73.5
8/21/2013,88,63,75.5
8/22/2013,87,68,77.5
8/23/2013,86,65,75.5
8/24/2013,87,62,74.5
8/25/2013,89,60,74.5
8/26/2013,91,62,76.5
8/27/2013,91,69,80
8/28/2013,93,70,81.5
8/29/2013,86,69,77.5
8/30/2013,95,65,80
8/31/2013,97,66,81.5
9/1/2013,83,67,75
9/2/2013,83,63,73
9/3/2013,78,55,66.5
9/4/2013,84,55,69.5
9/5/2013,87,60,73.5
9/6/2013,88,61,74.5
9/7/2013,89,61,75
9/8/2013,87,68,77.5
9/9/2013,97,66,81.5
9/10/2013,97,70,83.5
9/11/2013,96,69,82.5
9/12/2013,86,62,74
9/13/2013,71,52,61.5
9/14/2013,75,45,60
9/15/2013,80,47,63.5
9/16/2013,71,51,61
9/17/2013,78,50,64
9/18/2013,87,60,73.5
9/19/2013,93,70,81.5
9/20/2013,76,58,67
9/21/2013,72,51,61.5
9/22/2013,73,46,59.5
9/23/2013,76,46,61
9/24/2013,80,48,64
9/25/2013,83,58,70.5
9/26/2013,83,53,68
9/27/2013,85,51,68
9/28/2013,86,52,69
9/29/2013,74,54,64
9/30/2013,79,51,65
10/1/2013,82,59,70.5
10/2/2013,76,64,70
10/3/2013,86,63,74.5
10/4/2013,89,62,75.5
10/5/2013,83,60,71.5
10/6/2013,65,45,55
10/7/2013,70,43,56.5
10/8/2013,77,43,60
10/9/2013,75,46,60.5
10/10/2013,80,50,65
10/11/2013,80,54,67
10/12/2013,74,52,63
10/13/2013,71,47,59
10/14/2013,71,40,55.5
10/15/2013,64,51,57.5
10/16/2013,54,40,47
10/17/2013,60,40,50
10/18/2013,55,41,48
10/19/2013,56,40,48
10/20/2013,70,38,54
10/21/2013,53,29,41
10/22/2013,50,27,38.5
10/23/2013,46,33,39.5
10/24/2013,41,29,35
10/25/2013,52,25,38.5
10/26/2013,59,34,46.5
10/27/2013,57,28,42.5
10/28/2013,64,29,46.5
10/29/2013,57,38,47.5
10/30/2013,66,50,58
10/31/2013,64,46,55
11/1/2013,53,41,47
11/2/2013,51,34,42.5
11/3/2013,55,30,42.5
11/4/2013,58,40,49
11/5/2013,57,49,53
11/6/2013,57,35,46
11/7/2013,50,27,38.5
11/8/2013,54,27,40.5
11/9/2013,64,41,52.5
11/10/2013,51,30,40.5
11/11/2013,53,27,40
11/12/2013,31,21,26
11/13/2013,40,16,28
11/14/2013,53,27,40
11/15/2013,52,37,44.5
11/16/2013,62,41,51.5
11/17/2013,71,44,57.5
11/18/2013,51,31,41
11/19/2013,45,28,36.5
11/20/2013,45,26,35.5
11/21/2013,48,41,44.5
11/22/2013,47,29,38
11/23/2013,29,15,22
11/24/2013,27,11,19
11/25/2013,33,20,26.5
11/26/2013,39,21,30
11/27/2013,28,13,20.5
11/28/2013,40,15,27.5
11/29/2013,40,18,29
11/30/2013,53,23,38
12/1/2013,50,27,38.5
12/2/2013,45,33,39
12/3/2013,52,35,43.5
12/4/2013,60,41,50.5
12/5/2013,44,22,33
12/6/2013,22,13,17.5
12/7/2013,23,8,15.5
12/8/2013,27,17,22
12/9/2013,25,13,19
12/10/2013,28,1,14.5
12/11/2013,26,4,15
12/12/2013,27,-3,12
12/13/2013,38,12,25
12/14/2013,33,23,28
12/15/2013,23,13,18
12/16/2013,23,15,19
12/17/2013,30,20,25
12/18/2013,37,9,23
12/19/2013,42,28,35
12/20/2013,58,32,45
12/21/2013,35,31,33
12/22/2013,35,27,31
12/23/2013,27,5,16
12/24/2013,19,2,10.5
12/25/2013,30,19,24.5
12/26/2013,38,17,27.5
12/27/2013,47,25,36
12/28/2013,54,32,43
12/29/2013,37,15,26
12/30/2013,18,6,12
12/31/2013,30,15,22.5
1/1/2014,32,18,25
1/2/2014,19,5,12
1/3/2014,18,-6,6
1/4/2014,37,18,27.5
1/5/2014,32,-3,14.5
1/6/2014,-3,-14,-8.5
1/7/2014,9,-13,-2
1/8/2014,21,3,12
1/9/2014,30,14,22
1/10/2014,40,30,35
1/11/2014,40,30,35
1/12/2014,43,28,35.5
1/13/2014,51,28,39.5
1/14/2014,38,23,30.5
1/15/2014,25,16,20.5
1/16/2014,38,19,28.5
1/17/2014,31,8,19.5
1/18/2014,27,9,18
1/19/2014,39,15,27
1/20/2014,40,26,33
1/21/2014,26,0,13
1/22/2014,20,-3,8.5
1/23/2014,6,-4,1
1/24/2014,24,-7,8.5
1/25/2014,33,9,21
1/26/2014,44,10,27
1/27/2014,14,-2,6
1/28/2014,13,-6,3.5
1/29/2014,30,4,17
1/30/2014,36,17,26.5
1/31/2014,31,20,25.5
2/1/2014,37,26,31.5
2/2/2014,26,10,18
2/3/2014,25,5,15
2/4/2014,23,15,19
2/5/2014,25,6,15.5
2/6/2014,6,-7,-0.5
2/7/2014,11,-14,-1.5
2/8/2014,21,7,14
2/9/2014,20,7,13.5
2/10/2014,9,-3,3
2/11/2014,12,-6,3
2/12/2014,26,-3,11.5
2/13/2014,35,4,19.5
2/14/2014,26,6,16
2/15/2014,21,-1,10
2/16/2014,24,11,17.5
2/17/2014,36,15,25.5
2/18/2014,43,22,32.5
2/19/2014,41,31,36
2/20/2014,57,34,45.5
2/21/2014,44,31,37.5
2/22/2014,44,26,35
2/23/2014,30,21,25.5
2/24/2014,27,17,22
2/25/2014,24,10,17
2/26/2014,19,3,11
2/27/2014,21,6,13.5
2/28/2014,38,6,22
3/1/2014,36,18,27
3/2/2014,20,4,12
3/3/2014,18,0,9
3/4/2014,34,9,21.5
3/5/2014,31,20,25.5
3/6/2014,41,17,29
3/7/2014,53,22,37.5
3/8/2014,38,30,34
3/9/2014,47,23,35
3/10/2014,61,35,48
3/11/2014,66,32,49
3/12/2014,38,23,30.5
3/13/2014,44,19,31.5
3/14/2014,61,36,48.5
3/15/2014,54,30,42
3/16/2014,31,21,26
3/17/2014,40,16,28
3/18/2014,51,26,38.5
3/19/2014,48,32,40
3/20/2014,55,26,40.5
3/21/2014,71,33,52
3/22/2014,46,31,38.5
3/23/2014,35,23,29
3/24/2014,37,20,28.5
3/25/2014,33,20,26.5
3/26/2014,44,14,29
3/27/2014,52,34,43
3/28/2014,54,39,46.5
3/29/2014,40,29,34.5
3/30/2014,58,23,40.5
3/31/2014,70,32,51
4/1/2014,56,34,45
4/2/2014,52,41,46.5
4/3/2014,53,43,48
4/4/2014,55,37,46
4/5/2014,53,32,42.5
4/6/2014,58,32,45
4/7/2014,51,42,46.5
4/8/2014,61,40,50.5
4/9/2014,63,36,49.5
4/10/2014,75,45,60
4/11/2014,71,46,58.5
4/12/2014,78,44,61
4/13/2014,72,59,65.5
4/14/2014,62,31,46.5
4/15/2014,41,28,34.5
4/16/2014,53,27,40
4/17/2014,65,30,47.5
4/18/2014,68,43,55.5
4/19/2014,72,36,54
4/20/2014,78,43,60.5
4/21/2014,71,53,62
4/22/2014,64,42,53
4/23/2014,62,37,49.5
4/24/2014,71,48,59.5
4/25/2014,72,50,61
4/26/2014,79,49,64
4/27/2014,75,50,62.5
4/28/2014,71,54,62.5
4/29/2014,67,47,57
4/30/2014,50,44,47
5/1/2014,52,40,46
5/2/2014,53,44,48.5
5/3/2014,71,44,57.5
5/4/2014,69,46,57.5
5/5/2014,74,46,60
5/6/2014,78,49,63.5
5/7/2014,86,62,74
5/8/2014,88,64,76
5/9/2014,79,56,67.5
5/10/2014,77,53,65
5/11/2014,83,56,69.5
5/12/2014,83,67,75
5/13/2014,69,51,60
5/14/2014,53,44,48.5
5/15/2014,57,43,50
5/16/2014,53,41,47
5/17/2014,58,38,48
5/18/2014,66,37,51.5
5/19/2014,71,44,57.5
5/20/2014,84,57,70.5
5/21/2014,88,67,77.5
5/22/2014,77,58,67.5
5/23/2014,77,51,64
5/24/2014,77,50,63.5
5/25/2014,81,60,70.5
5/26/2014,88,59,73.5
5/27/2014,86,61,73.5
5/28/2014,87,63,75
5/29/2014,85,62,73.5
5/30/2014,87,65,76
5/31/2014,86,62,74
6/1/2014,89,62,75.5
6/2/2014,80,69,74.5
6/3/2014,86,68,77
6/4/2014,76,60,68
6/5/2014,78,57,67.5
6/6/2014,81,58,69.5
6/7/2014,81,59,70
6/8/2014,75,58,66.5
6/9/2014,79,54,66.5
6/10/2014,68,61,64.5
6/11/2014,72,63,67.5
6/12/2014,81,60,70.5
6/13/2014,74,54,64
6/14/2014,76,51,63.5
6/15/2014,84,54,69
6/16/2014,87,70,78.5
6/17/2014,89,72,80.5
6/18/2014,88,69,78.5
6/19/2014,91,70,80.5
6/20/2014,87,69,78
6/21/2014,88,67,77.5
6/22/2014,86,64,75
6/23/2014,88,67,77.5
6/24/2014,82,67,74.5
6/25/2014,85,65,75
6/26/2014,85,66,75.5
6/27/2014,87,65,76
6/28/2014,85,68,76.5
6/29/2014,83,71,77
6/30/2014,87,66,76.5
7/1/2014,84,66,75
7/2/2014,71,60,65.5
7/3/2014,75,59,67
7/4/2014,79,54,66.5
7/5/2014,79,58,68.5
7/6/2014,84,62,73
7/7/2014,87,71,79
7/8/2014,82,65,73.5
7/9/2014,80,62,71
7/10/2014,80,59,69.5
7/11/2014,83,58,70.5
7/12/2014,84,68,76
7/13/2014,84,70,77
7/14/2014,85,62,73.5
7/15/2014,70,53,61.5
7/16/2014,74,53,63.5
7/17/2014,77,53,65
7/18/2014,77,59,68
7/19/2014,78,56,67
7/20/2014,79,58,68.5
7/21/2014,84,60,72
7/22/2014,87,62,74.5
7/23/2014,77,59,68
7/24/2014,77,55,66
7/25/2014,73,54,63.5
7/26/2014,85,66,75.5
7/27/2014,85,64,74.5
7/28/2014,72,56,64
7/29/2014,77,55,66
7/30/2014,81,58,69.5
7/31/2014,81,59,70
8/1/2014,81,61,71
8/2/2014,81,59,70
8/3/2014,84,60,72
8/4/2014,85,61,73
8/5/2014,83,65,74
8/6/2014,77,65,71
8/7/2014,74,62,68
8/8/2014,75,65,70
8/9/2014,78,65,71.5
8/10/2014,80,67,73.5
8/11/2014,83,65,74
8/12/2014,72,61,66.5
8/13/2014,80,56,68
8/14/2014,81,56,68.5
8/15/2014,73,51,62
8/16/2014,77,63,70
8/17/2014,80,65,72.5
8/18/2014,83,64,73.5
8/19/2014,85,63,74
8/20/2014,80,64,72
8/21/2014,89,70,79.5
8/22/2014,84,71,77.5
8/23/2014,87,70,78.5
8/24/2014,89,68,78.5
8/25/2014,94,68,81
8/26/2014,91,66,78.5
8/27/2014,87,67,77
8/28/2014,85,64,74.5
8/29/2014,89,69,79
8/30/2014,85,71,78
8/31/2014,85,70,77.5
9/1/2014,83,69,76
9/2/2014,80,67,73.5
9/3/2014,85,62,73.5
9/4/2014,88,65,76.5
9/5/2014,94,63,78.5
9/6/2014,74,55,64.5
9/7/2014,78,50,64
9/8/2014,81,54,67.5
9/9/2014,71,58,64.5
9/10/2014,78,64,71
9/11/2014,64,51,57.5
9/12/2014,60,46,53
9/13/2014,62,40,51
9/14/2014,70,42,56
9/15/2014,59,47,53
9/16/2014,70,48,59
9/17/2014,70,45,57.5
9/18/2014,74,48,61
9/19/2014,77,50,63.5
9/20/2014,83,52,67.5
9/21/2014,71,55,63
9/22/2014,70,49,59.5
9/23/2014,75,45,60
9/24/2014,77,50,63.5
9/25/2014,80,52,66
9/26/2014,82,53,67.5
9/27/2014,83,58,70.5
9/28/2014,84,54,69
9/29/2014,84,55,69.5
9/30/2014,71,50,60.5
10/1/2014,83,48,65.5
10/2/2014,76,64,70
10/3/2014,65,44,54.5
10/4/2014,49,37,43
10/5/2014,63,36,49.5
10/6/2014,67,42,54.5
10/7/2014,71,46,58.5
10/8/2014,69,43,56
10/9/2014,61,49,55
10/10/2014,55,46,50.5
10/11/2014,61,41,51
10/12/2014,59,39,49
10/13/2014,71,58,64.5
10/14/2014,64,54,59
10/15/2014,54,52,53
10/16/2014,58,49,53.5
10/17/2014,63,48,55.5
10/18/2014,53,45,49
10/19/2014,57,35,46
10/20/2014,69,46,57.5
10/21/2014,60,44,52
10/22/2014,61,36,48.5
10/23/2014,61,34,47.5
10/24/2014,70,45,57.5
10/25/2014,77,50,63.5
10/26/2014,71,43,57
10/27/2014,76,52,64
10/28/2014,68,42,55
10/29/2014,50,34,42
10/30/2014,56,30,43
10/31/2014,45,33,39
11/1/2014,48,28,38
11/2/2014,54,23,38.5
11/3/2014,67,41,54
11/4/2014,55,39,47
11/5/2014,62,38,50
11/6/2014,48,37,42.5
11/7/2014,48,28,38
11/8/2014,48,32,40
11/9/2014,55,28,41.5
11/10/2014,64,37,50.5
11/11/2014,52,32,42
11/12/2014,33,22,27.5
11/13/2014,29,19,24
11/14/2014,30,16,23
11/15/2014,36,13,24.5
11/16/2014,33,23,28
11/17/2014,23,11,17
11/18/2014,19,8,13.5
11/19/2014,37,13,25
11/20/2014,33,16,24.5
11/21/2014,36,9,22.5
11/22/2014,57,32,44.5
11/23/2014,53,44,48.5
11/24/2014,52,31,41.5
11/25/2014,31,21,26
11/26/2014,29,18,23.5
11/27/2014,28,13,20.5
11/28/2014,39,14,26.5
11/29/2014,53,31,42
11/30/2014,64,30,47
12/1/2014,31,21,26
12/2/2014,32,23,27.5
12/3/2014,42,27,34.5
12/4/2014,33,25,29
12/5/2014,40,33,36.5
12/6/2014,39,29,34
12/7/2014,36,26,31
12/8/2014,39,30,34.5
12/9/2014,38,30,34
12/10/2014,35,31,33
12/11/2014,32,23,27.5
12/12/2014,37,22,29.5
12/13/2014,50,33,41.5
12/14/2014,47,43,45
12/15/2014,45,42,43.5
12/16/2014,45,26,35.5
12/17/2014,26,21,23.5
12/18/2014,28,23,25.5
12/19/2014,35,20,27.5
12/20/2014,34,24,29
12/21/2014,40,29,34.5
12/22/2014,46,29,37.5
12/23/2014,48,40,44
12/24/2014,43,34,38.5
12/25/2014,45,34,39.5
12/26/2014,54,31,42.5
12/27/2014,48,30,39
12/28/2014,32,22,27
12/29/2014,37,19,28
12/30/2014,26,13,19.5
12/31/2014,23,7,15
1/1/2015,32,15,23.5
1/2/2015,39,21,30
1/3/2015,40,32,36
1/4/2015,34,8,21
1/5/2015,13,1,7
1/6/2015,13,8,10.5
1/7/2015,12,-7,2.5
1/8/2015,24,-8,8
1/9/2015,16,0,8
1/10/2015,23,-7,8
1/11/2015,32,23,27.5
1/12/2015,32,11,21.5
1/13/2015,16,5,10.5
1/14/2015,19,-1,9
1/15/2015,37,9,23
1/16/2015,38,21,29.5
1/17/2015,47,30,38.5
1/18/2015,44,26,35
1/19/2015,44,24,34
1/20/2015,44,29,36.5
1/21/2015,37,28,32.5
1/22/2015,37,31,34
1/23/2015,32,24,28
1/24/2015,46,25,35.5
1/25/2015,37,27,32
1/26/2015,29,23,26
1/27/2015,31,19,25
1/28/2015,37,18,27.5
1/29/2015,41,33,37
1/30/2015,33,22,27.5
1/31/2015,39,22,30.5
2/1/2015,33,16,24.5
2/2/2015,18,10,14
2/3/2015,36,15,25.5
2/4/2015,34,9,21.5
2/5/2015,17,2,9.5
2/6/2015,35,13,24
2/7/2015,50,27,38.5
2/8/2015,55,32,43.5
2/9/2015,32,26,29
2/10/2015,37,26,31.5
2/11/2015,36,21,28.5
2/12/2015,21,10,15.5
2/13/2015,29,6,17.5
2/14/2015,28,4,16
2/15/2015,19,2,10.5
2/16/2015,21,8,14.5
2/17/2015,30,7,18.5
2/18/2015,17,1,9
2/19/2015,10,-4,3
2/20/2015,19,-3,8
2/21/2015,32,17,24.5
2/22/2015,29,6,17.5
2/23/2015,17,-5,6
2/24/2015,29,-16,6.5
2/25/2015,32,11,21.5
2/26/2015,23,10,16.5
2/27/2015,17,-3,7
2/28/2015,24,4,14
3/1/2015,28,17,22.5
3/2/2015,29,14,21.5
3/3/2015,37,24,30.5
3/4/2015,33,15,24
3/5/2015,16,-4,6
3/6/2015,27,-9,9
3/7/2015,41,23,32
3/8/2015,44,23,33.5
3/9/2015,45,30,37.5
3/10/2015,52,33,42.5
3/11/2015,64,32,48
3/12/2015,60,33,46.5
3/13/2015,48,39,43.5
3/14/2015,59,41,50
3/15/2015,65,33,49
3/16/2015,74,42,58
3/17/2015,54,33,43.5
3/18/2015,45,28,36.5
3/19/2015,52,37,44.5
3/20/2015,48,36,42
3/21/2015,61,32,46.5
3/22/2015,53,33,43
3/23/2015,37,29,33
3/24/2015,44,26,35
3/25/2015,48,40,44
3/26/2015,49,33,41
3/27/2015,36,22,29
3/28/2015,40,17,28.5
3/29/2015,49,23,36
3/30/2015,65,34,49.5
3/31/2015,65,41,53
4/1/2015,72,37,54.5
4/2/2015,72,50,61
4/3/2015,56,36,46
4/4/2015,59,28,43.5
4/5/2015,66,36,51
4/6/2015,62,47,54.5
4/7/2015,65,55,60
4/8/2015,75,55,65
4/9/2015,77,51,64
4/10/2015,67,41,54
4/11/2015,62,35,48.5
4/12/2015,66,40,53
4/13/2015,69,54,61.5
4/14/2015,66,51,58.5
4/15/2015,71,47,59
4/16/2015,70,52,61
4/17/2015,76,48,62
4/18/2015,79,53,66
4/19/2015,60,54,57
4/20/2015,56,41,48.5
4/21/2015,62,36,49
4/22/2015,53,35,44
4/23/2015,58,31,44.5
4/24/2015,61,32,46.5
4/25/2015,52,43,47.5
4/26/2015,58,38,48
4/27/2015,60,40,50
4/28/2015,66,39,52.5
4/29/2015,70,41,55.5
4/30/2015,56,40,48
5/1/2015,70,40,55
5/2/2015,76,49,62.5
5/3/2015,81,54,67.5
5/4/2015,80,58,69
5/5/2015,84,60,72
5/6/2015,85,59,72
5/7/2015,85,58,71.5
5/8/2015,83,63,73
5/9/2015,76,62,69
5/10/2015,80,62,71
5/11/2015,72,52,62
5/12/2015,63,47,55
5/13/2015,66,43,54.5
5/14/2015,71,47,59
5/15/2015,83,59,71
5/16/2015,79,64,71.5
5/17/2015,82,64,73
5/18/2015,82,52,67
5/19/2015,62,43,52.5
5/20/2015,51,44,47.5
5/21/2015,66,44,55
5/22/2015,77,48,62.5
5/23/2015,80,56,68
5/24/2015,84,62,73
5/25/2015,82,66,74
5/26/2015,78,65,71.5
5/27/2015,80,61,70.5
5/28/2015,86,55,70.5
5/29/2015,85,65,75
5/30/2015,76,49,62.5
5/31/2015,56,48,52
6/1/2015,68,52,60
6/2/2015,73,51,62
6/3/2015,77,52,64.5
6/4/2015,82,55,68.5
6/5/2015,85,56,70.5
6/6/2015,79,55,67
6/7/2015,89,61,75
6/8/2015,82,64,73
6/9/2015,86,63,74.5
6/10/2015,90,68,79
6/11/2015,89,68,78.5
6/12/2015,87,68,77.5
6/13/2015,87,68,77.5
6/14/2015,84,71,77.5
6/15/2015,88,70,79
6/16/2015,81,65,73
6/17/2015,77,63,70
6/18/2015,84,66,75
6/19/2015,74,63,68.5
6/20/2015,82,67,74.5
6/21/2015,83,67,75
6/22/2015,87,70,78.5
6/23/2015,81,65,73
6/24/2015,75,63,69
6/25/2015,82,65,73.5
6/26/2015,71,64,67.5
6/27/2015,76,58,67
6/28/2015,77,56,66.5
6/29/2015,79,63,71
6/30/2015,82,64,73
7/1/2015,76,61,68.5
7/2/2015,76,58,67
7/3/2015,76,62,69
7/4/2015,80,58,69
7/5/2015,83,59,71
7/6/2015,88,62,75
7/7/2015,75,56,65.5
7/8/2015,71,56,63.5
7/9/2015,67,60,63.5
7/10/2015,78,62,70
7/11/2015,81,61,71
7/12/2015,86,70,78
7/13/2015,91,71,81
7/14/2015,87,64,75.5
7/15/2015,80,60,70
7/16/2015,83,65,74
7/17/2015,90,72,81
7/18/2015,91,70,80.5
7/19/2015,85,70,77.5
7/20/2015,85,68,76.5
7/21/2015,82,64,73
7/22/2015,82,59,70.5
7/23/2015,83,62,72.5
7/24/2015,84,62,73
7/25/2015,87,65,76
7/26/2015,84,70,77
7/27/2015,86,68,77
7/28/2015,92,71,81.5
7/29/2015,87,68,77.5
7/30/2015,86,63,74.5
7/31/2015,88,66,77
8/1/2015,84,63,73.5
8/2/2015,90,65,77.5
8/3/2015,85,65,75
8/4/2015,81,58,69.5
8/5/2015,83,62,72.5
8/6/2015,82,62,72
8/7/2015,83,58,70.5
8/8/2015,86,63,74.5
8/9/2015,83,70,76.5
8/10/2015,84,70,77
8/11/2015,83,64,73.5
8/12/2015,82,60,71
8/13/2015,84,60,72
8/14/2015,87,65,76
8/15/2015,90,67,78.5
8/16/2015,89,67,78
8/17/2015,88,65,76.5
8/18/2015,86,67,76.5
8/19/2015,78,58,68
8/20/2015,77,54,65.5
8/21/2015,82,53,67.5
8/22/2015,80,56,68
8/23/2015,77,58,67.5
8/24/2015,76,53,64.5
8/25/2015,74,52,63
8/26/2015,71,57,64
8/27/2015,78,53,65.5
8/28/2015,80,57,68.5
8/29/2015,81,63,72
8/30/2015,86,63,74.5
8/31/2015,88,65,76.5
9/1/2015,87,67,77
9/2/2015,91,68,79.5
9/3/2015,92,67,79.5
9/4/2015,93,67,80
9/5/2015,90,66,78
9/6/2015,94,67,80.5
9/7/2015,93,67,80
9/8/2015,89,68,78.5
9/9/2015,79,64,71.5
9/10/2015,84,58,71
9/11/2015,71,55,63
9/12/2015,65,49,57
9/13/2015,72,46,59
9/14/2015,81,47,64
9/15/2015,83,54,68.5
9/16/2015,84,52,68
9/17/2015,85,56,70.5
9/18/2015,82,68,75
9/19/2015,71,52,61.5
9/20/2015,73,48,60.5
9/21/2015,77,50,63.5
9/22/2015,81,50,65.5
9/23/2015,85,55,70
9/24/2015,83,56,69.5
9/25/2015,83,56,69.5
9/26/2015,80,58,69
9/27/2015,77,60,68.5
9/28/2015,81,61,71
9/29/2015,72,58,65
9/30/2015,69,50,59.5
10/1/2015,66,45,55.5
10/2/2015,66,45,55.5
10/3/2015,59,47,53
10/4/2015,70,47,58.5
10/5/2015,72,52,62
10/6/2015,74,54,64
10/7/2015,80,50,65
10/8/2015,79,53,66
10/9/2015,64,48,56
10/10/2015,70,43,56.5
10/11/2015,79,43,61
10/12/2015,77,54,65.5
10/13/2015,67,47,57
10/14/2015,68,43,55.5
10/15/2015,74,37,55.5
10/16/2015,60,39,49.5
10/17/2015,53,31,42
10/18/2015,62,31,46.5
10/19/2015,71,36,53.5
10/20/2015,78,50,64
10/21/2015,81,53,67
10/22/2015,78,54,66
10/23/2015,71,51,61
10/24/2015,71,51,61
10/25/2015,64,45,54.5
10/26/2015,67,42,54.5
10/27/2015,55,46,50.5
10/28/2015,57,38,47.5
10/29/2015,45,34,39.5
10/30/2015,56,39,47.5
10/31/2015,56,44,50
11/1/2015,69,43,56
11/2/2015,72,40,56
11/3/2015,65,43,54
11/4/2015,73,45,59
11/5/2015,71,55,63
11/6/2015,64,41,52.5
11/7/2015,56,36,46
11/8/2015,55,31,43
11/9/2015,57,35,46
11/10/2015,58,31,44.5
11/11/2015,64,36,50
11/12/2015,58,42,50
11/13/2015,51,29,40
11/14/2015,64,23,43.5
11/15/2015,67,32,49.5
11/16/2015,50,40,45
11/17/2015,61,48,54.5
11/18/2015,61,43,52
11/19/2015,48,31,39.5
11/20/2015,49,27,38
11/21/2015,42,18,30
11/22/2015,28,13,20.5
11/23/2015,44,25,34.5
11/24/2015,52,27,39.5
11/25/2015,55,32,43.5
11/26/2015,65,50,57.5
11/27/2015,58,39,48.5
11/28/2015,40,36,38
11/29/2015,40,34,37
11/30/2015,45,35,40
12/1/2015,46,32,39
12/2/2015,37,30,33.5
12/3/2015,34,26,30
12/4/2015,40,29,34.5
12/5/2015,38,27,32.5
12/6/2015,50,27,38.5
12/7/2015,40,30,35
12/8/2015,52,38,45
12/9/2015,54,36,45
12/10/2015,57,36,46.5
12/11/2015,57,34,45.5
12/12/2015,66,54,60
12/13/2015,61,57,59
12/14/2015,62,40,51
12/15/2015,41,37,39
12/16/2015,58,33,45.5
12/17/2015,35,28,31.5
12/18/2015,35,24,29.5
12/19/2015,35,18,26.5
12/20/2015,49,24,36.5
12/21/2015,59,40,49.5
12/22/2015,46,35,40.5
12/23/2015,61,41,51
12/24/2015,47,31,39
12/25/2015,48,37,42.5
12/26/2015,53,37,45
12/27/2015,47,36,41.5
12/28/2015,46,33,39.5
12/29/2015,39,29,34
12/30/2015,31,28,29.5
12/31/2015,30,24,27
1/1/2016,30,22,26
1/2/2016,37,24,30.5
1/3/2016,32,23,27.5
1/4/2016,34,22,28
1/5/2016,37,18,27.5
1/6/2016,41,21,31
1/7/2016,49,32,40.5
1/8/2016,46,38,42
1/9/2016,43,22,32.5
1/10/2016,22,8,15
1/11/2016,31,8,19.5
1/12/2016,31,7,19
1/13/2016,31,5,18
1/14/2016,53,23,38
1/15/2016,43,28,35.5
1/16/2016,31,22,26.5
1/17/2016,22,1,11.5
1/18/2016,9,-2,3.5
1/19/2016,18,3,10.5
1/20/2016,21,7,14
1/21/2016,26,7,16.5
1/22/2016,28,18,23
1/23/2016,31,8,19.5
1/24/2016,37,7,22
1/25/2016,43,24,33.5
1/26/2016,33,28,30.5
1/27/2016,35,26,30.5
1/28/2016,46,29,37.5
1/29/2016,40,28,34
1/30/2016,54,33,43.5
1/31/2016,61,35,48
2/1/2016,50,34,42
2/2/2016,57,32,44.5
2/3/2016,48,27,37.5
2/4/2016,33,21,27
2/5/2016,32,23,27.5
2/6/2016,48,21,34.5
2/7/2016,50,33,41.5
2/8/2016,35,18,26.5
2/9/2016,18,13,15.5
2/10/2016,20,7,13.5
2/11/2016,24,11,17.5
2/12/2016,27,12,19.5
2/13/2016,20,5,12.5
2/14/2016,20,14,17
2/15/2016,30,20,25
2/16/2016,38,18,28
2/17/2016,35,27,31
2/18/2016,46,27,36.5
2/19/2016,65,38,51.5
2/20/2016,71,36,53.5
2/21/2016,52,34,43
2/22/2016,47,31,39
2/23/2016,49,29,39
2/24/2016,36,31,33.5
2/25/2016,37,31,34
2/26/2016,35,26,30.5
2/27/2016,53,23,38
2/28/2016,67,39,53
2/29/2016,58,29,43.5
3/1/2016,49,25,37
3/2/2016,39,18,28.5
3/3/2016,40,31,35.5
3/4/2016,42,27,34.5
3/5/2016,45,34,39.5
3/6/2016,55,28,41.5
3/7/2016,65,43,54
3/8/2016,71,52,61.5
3/9/2016,67,55,61
3/10/2016,56,43,49.5
3/11/2016,58,38,48
3/12/2016,58,44,51
3/13/2016,64,52,58
3/14/2016,58,45,51.5
3/15/2016,73,45,59
3/16/2016,62,43,52.5
3/17/2016,62,36,49
3/18/2016,51,36,43.5
3/19/2016,48,35,41.5
3/20/2016,45,34,39.5
3/21/2016,53,29,41
3/22/2016,67,37,52
3/23/2016,67,53,60
3/24/2016,62,31,46.5
3/25/2016,47,30,38.5
3/26/2016,62,31,46.5
3/27/2016,69,39,54
3/28/2016,54,37,45.5
3/29/2016,60,35,47.5
3/30/2016,59,37,48
3/31/2016,71,44,57.5
4/1/2016,53,38,45.5
4/2/2016,50,31,40.5
4/3/2016,67,26,46.5
4/4/2016,57,30,43.5
4/5/2016,52,26,39
4/6/2016,52,44,48
4/7/2016,46,36,41
4/8/2016,45,31,38
4/9/2016,42,25,33.5
4/10/2016,52,34,43
4/11/2016,52,37,44.5
4/12/2016,53,34,43.5
4/13/2016,62,33,47.5
4/14/2016,69,38,53.5
4/15/2016,76,43,59.5
4/16/2016,79,52,65.5
4/17/2016,81,52,66.5
4/18/2016,82,51,66.5
4/19/2016,80,53,66.5
4/20/2016,72,52,62
4/21/2016,71,52,61.5
4/22/2016,68,43,55.5
4/23/2016,69,40,54.5
4/24/2016,78,41,59.5
4/25/2016,81,55,68
4/26/2016,78,50,64
4/27/2016,60,50,55
4/28/2016,69,50,59.5
4/29/2016,60,45,52.5
4/30/2016,61,48,54.5
5/1/2016,67,49,58
5/2/2016,57,47,52
5/3/2016,66,44,55
5/4/2016,58,44,51
5/5/2016,67,40,53.5
5/6/2016,79,44,61.5
5/7/2016,76,52,64
5/8/2016,65,48,56.5
5/9/2016,71,52,61.5
5/10/2016,72,57,64.5
5/11/2016,79,55,67
5/12/2016,70,52,61
5/13/2016,71,46,58.5
5/14/2016,53,40,46.5
5/15/2016,57,39,48
5/16/2016,66,40,53
5/17/2016,60,48,54
5/18/2016,69,43,56
5/19/2016,73,47,60
5/20/2016,68,52,60
5/21/2016,76,53,64.5
5/22/2016,84,47,65.5
5/23/2016,82,52,67
5/24/2016,85,53,69
5/25/2016,85,60,72.5
5/26/2016,82,62,72
5/27/2016,81,63,72
5/28/2016,82,66,74
5/29/2016,84,61,72.5
5/30/2016,88,61,74.5
5/31/2016,85,63,74
6/1/2016,81,65,73
6/2/2016,82,63,72.5
6/3/2016,84,60,72
6/4/2016,74,61,67.5
6/5/2016,79,61,70
6/6/2016,85,60,72.5
6/7/2016,74,58,66
6/8/2016,78,51,64.5
6/9/2016,85,55,70
6/10/2016,92,69,80.5
6/11/2016,91,71,81
6/12/2016,89,64,76.5
6/13/2016,92,59,75.5
6/14/2016,87,70,78.5
6/15/2016,92,71,81.5
6/16/2016,83,64,73.5
6/17/2016,86,62,74
6/18/2016,87,60,73.5
6/19/2016,90,66,78
6/20/2016,91,70,80.5
6/21/2016,84,67,75.5
6/22/2016,85,62,73.5
6/23/2016,89,70,79.5
6/24/2016,84,65,74.5
6/25/2016,92,66,79
6/26/2016,92,69,80.5
6/27/2016,90,68,79
6/28/2016,77,54,65.5
6/29/2016,78,51,64.5
6/30/2016,79,54,66.5
7/1/2016,77,59,68
7/2/2016,66,53,59.5
7/3/2016,65,57,61
7/4/2016,76,63,69.5
7/5/2016,86,70,78
7/6/2016,84,67,75.5
7/7/2016,85,66,75.5
7/8/2016,88,67,77.5
7/9/2016,81,62,71.5
7/10/2016,84,59,71.5
7/11/2016,88,65,76.5
7/12/2016,90,68,79
7/13/2016,89,67,78
7/14/2016,87,66,76.5
7/15/2016,82,65,73.5
7/16/2016,80,63,71.5
7/17/2016,87,62,74.5
7/18/2016,86,71,78.5
7/19/2016,88,67,77.5
7/20/2016,89,70,79.5
7/21/2016,92,71,81.5
7/22/2016,88,70,79
7/23/2016,90,71,80.5
7/24/2016,93,67,80
7/25/2016,85,69,77
7/26/2016,85,68,76.5
7/27/2016,86,66,76
7/28/2016,86,70,78
7/29/2016,84,68,76
7/30/2016,82,65,73.5
7/31/2016,83,65,74
8/1/2016,86,67,76.5
8/2/2016,85,67,76
8/3/2016,88,69,78.5
8/4/2016,90,69,79.5
8/5/2016,84,71,77.5
8/6/2016,84,67,75.5
8/7/2016,83,64,73.5
8/8/2016,85,66,75.5
8/9/2016,88,67,77.5
8/10/2016,90,68,79
8/11/2016,93,71,82
8/12/2016,88,72,80
8/13/2016,80,69,74.5
8/14/2016,78,65,71.5
8/15/2016,76,68,72
8/16/2016,84,70,77
8/17/2016,86,69,77.5
8/18/2016,87,66,76.5
8/19/2016,84,66,75
8/20/2016,81,64,72.5
8/21/2016,77,58,67.5
8/22/2016,81,56,68.5
8/23/2016,82,57,69.5
8/24/2016,87,67,77
8/25/2016,86,67,76.5
8/26/2016,87,69,78
8/27/2016,89,69,79
8/28/2016,90,69,79.5
8/29/2016,90,68,79
8/30/2016,86,70,78
8/31/2016,84,63,73.5
9/1/2016,78,60,69
9/2/2016,78,57,67.5
9/3/2016,80,56,68
9/4/2016,83,58,70.5
9/5/2016,92,64,78
9/6/2016,92,68,80
9/7/2016,92,71,81.5
9/8/2016,80,69,74.5
9/9/2016,80,67,73.5
9/10/2016,76,56,66
9/11/2016,79,52,65.5
9/12/2016,81,53,67
9/13/2016,87,56,71.5
9/14/2016,82,66,74
9/15/2016,84,63,73.5
9/16/2016,79,64,71.5
9/17/2016,82,64,73
9/18/2016,85,60,72.5
9/19/2016,88,55,71.5
9/20/2016,91,61,76
9/21/2016,90,62,76
9/22/2016,91,60,75.5
9/23/2016,90,62,76
9/24/2016,89,65,77
9/25/2016,91,65,78
9/26/2016,72,52,62
9/27/2016,76,50,63
9/28/2016,61,53,57
9/29/2016,71,54,62.5
9/30/2016,69,58,63.5
10/1/2016,71,58,64.5
10/2/2016,71,54,62.5
10/3/2016,73,55,64
10/4/2016,81,56,68.5
10/5/2016,82,60,71
10/6/2016,85,62,73.5
10/7/2016,74,50,62
10/8/2016,69,45,57
10/9/2016,76,43,59.5
10/10/2016,79,45,62
10/11/2016,81,50,65.5
10/12/2016,71,48,59.5
10/13/2016,61,41,51
10/14/2016,71,41,56
10/15/2016,77,54,65.5
10/16/2016,71,63,67
10/17/2016,85,64,74.5
10/18/2016,80,62,71
10/19/2016,68,52,60
10/20/2016,61,47,54
10/21/2016,58,40,49
10/22/2016,63,34,48.5
10/23/2016,75,41,58
10/24/2016,63,42,52.5
10/25/2016,61,40,50.5
10/26/2016,65,47,56
10/27/2016,53,43,48
10/28/2016,70,40,55
10/29/2016,81,61,71
10/30/2016,66,45,55.5
10/31/2016,68,43,55.5
11/1/2016,79,57,68
11/2/2016,76,57,66.5
11/3/2016,65,52,58.5
11/4/2016,62,42,52
11/5/2016,64,39,51.5
11/6/2016,68,40,54
11/7/2016,71,40,55.5
11/8/2016,56,46,51
11/9/2016,55,36,45.5
11/10/2016,60,33,46.5
11/11/2016,57,37,47
11/12/2016,53,30,41.5
11/13/2016,57,25,41
11/14/2016,64,32,48
11/15/2016,60,39,49.5
11/16/2016,65,35,50
11/17/2016,74,42,58
11/18/2016,69,39,54
11/19/2016,39,28,33.5
11/20/2016,37,23,30
11/21/2016,42,21,31.5
11/22/2016,48,31,39.5
11/23/2016,47,38,42.5
11/24/2016,42,37,39.5
11/25/2016,40,37,38.5
11/26/2016,49,31,40
11/27/2016,43,29,36
11/28/2016,50,41,45.5
11/29/2016,59,42,50.5
11/30/2016,46,30,38
12/1/2016,39,35,37
12/2/2016,40,35,37.5
12/3/2016,38,30,34
12/4/2016,34,31,32.5
12/5/2016,39,31,35
12/6/2016,38,29,33.5
12/7/2016,36,23,29.5
12/8/2016,23,18,20.5
12/9/2016,27,20,23.5
12/10/2016,28,20,24
12/11/2016,36,25,30.5
12/12/2016,35,22,28.5
12/13/2016,29,10,19.5
12/14/2016,26,4,15
12/15/2016,17,5,11
12/16/2016,27,14,20.5
12/17/2016,31,17,24
12/18/2016,17,-2,7.5
12/19/2016,20,-4,8
12/20/2016,34,10,22
12/21/2016,43,16,29.5
12/22/2016,43,28,35.5
12/23/2016,36,27,31.5
12/24/2016,45,35,40
12/25/2016,47,34,40.5
12/26/2016,58,32,45
12/27/2016,39,25,32
12/28/2016,45,24,34.5
12/29/2016,41,31,36
12/30/2016,38,25,31.5
12/31/2016,48,23,35.5
1/1/2017,43,19,31
1/2/2017,47,33,40
1/3/2017,45,21,33
1/4/2017,22,13,17.5
1/5/2017,15,7,11
1/6/2017,11,-2,4.5
1/7/2017,20,-3,8.5
1/8/2017,19,1,10
1/9/2017,36,18,27
1/10/2017,53,29,41
1/11/2017,59,25,42
1/12/2017,46,23,34.5
1/13/2017,31,20,25.5
1/14/2017,31,28,29.5
1/15/2017,34,28,31
1/16/2017,52,32,42
1/17/2017,54,35,44.5
1/18/2017,41,32,36.5
1/19/2017,43,31,37
1/20/2017,51,42,46.5
1/21/2017,64,41,52.5
1/22/2017,53,40,46.5
1/23/2017,40,37,38.5
1/24/2017,41,34,37.5
1/25/2017,51,34,42.5
1/26/2017,34,30,32
1/27/2017,30,22,26
1/28/2017,37,22,29.5
1/29/2017,29,22,25.5
1/30/2017,42,11,26.5
1/31/2017,44,34,39
2/1/2017,42,26,34
2/2/2017,30,18,24
2/3/2017,31,15,23
2/4/2017,37,11,24
2/5/2017,46,26,36
2/6/2017,47,25,36
2/7/2017,62,32,47
2/8/2017,33,16,24.5
2/9/2017,20,9,14.5
2/10/2017,50,13,31.5
2/11/2017,67,39,53
2/12/2017,52,33,42.5
2/13/2017,46,24,35
2/14/2017,53,31,42
2/15/2017,43,27,35
2/16/2017,52,24,38
2/17/2017,70,37,53.5
2/18/2017,70,40,55
2/19/2017,68,44,56
2/20/2017,71,43,57
2/21/2017,62,48,55
2/22/2017,70,43,56.5
2/23/2017,60,44,52
2/24/2017,68,37,52.5
2/25/2017,37,23,30
2/26/2017,49,16,32.5
2/27/2017,59,31,45
2/28/2017,63,45,54
3/1/2017,63,32,47.5
3/2/2017,40,28,34
3/3/2017,38,21,29.5
3/4/2017,55,29,42
3/5/2017,64,31,47.5
3/6/2017,61,50,55.5
3/7/2017,63,40,51.5
3/8/2017,59,33,46
3/9/2017,57,33,45
3/10/2017,39,27,33
3/11/2017,34,23,28.5
3/12/2017,38,19,28.5
3/13/2017,32,24,28
3/14/2017,28,18,23
3/15/2017,30,14,22
3/16/2017,46,15,30.5
3/17/2017,54,34,44
3/18/2017,42,35,38.5
3/19/2017,56,27,41.5
3/20/2017,70,43,56.5
3/21/2017,54,33,43.5
3/22/2017,43,26,34.5
3/23/2017,49,29,39
3/24/2017,77,47,62
3/25/2017,69,55,62
3/26/2017,63,48,55.5
3/27/2017,63,43,53
3/28/2017,57,42,49.5
3/29/2017,60,43,51.5
3/30/2017,67,48,57.5
3/31/2017,51,39,45
4/1/2017,57,36,46.5
4/2/2017,65,41,53
4/3/2017,67,51,59
4/4/2017,57,48,52.5
4/5/2017,53,39,46
4/6/2017,52,38,45
4/7/2017,56,33,44.5
4/8/2017,69,33,51
4/9/2017,76,46,61
4/10/2017,70,56,63
4/11/2017,57,43,50
4/12/2017,68,37,52.5
4/13/2017,80,46,63
4/14/2017,83,51,67
4/15/2017,80,59,69.5
4/16/2017,70,56,63
4/17/2017,71,50,60.5
4/18/2017,76,46,61
4/19/2017,81,60,70.5
4/20/2017,80,51,65.5
4/21/2017,58,44,51
4/22/2017,63,42,52.5
4/23/2017,71,40,55.5
4/24/2017,77,45,61
4/25/2017,79,48,63.5
4/26/2017,78,58,68
4/27/2017,58,44,51
4/28/2017,55,45,50
4/29/2017,59,47,53
4/30/2017,67,54,60.5
5/1/2017,62,44,53
5/2/2017,59,42,50.5
5/3/2017,51,38,44.5
5/4/2017,47,44,45.5
5/5/2017,63,41,52
5/6/2017,61,43,52
5/7/2017,65,38,51.5
5/8/2017,66,40,53
5/9/2017,81,49,65
5/10/2017,82,54,68
5/11/2017,63,54,58.5
5/12/2017,72,49,60.5
5/13/2017,79,48,63.5
5/14/2017,83,57,70
5/15/2017,86,56,71
5/16/2017,84,59,71.5
5/17/2017,82,67,74.5
5/18/2017,87,60,73.5
5/19/2017,60,50,55
5/20/2017,79,52,65.5
5/21/2017,66,46,56
5/22/2017,73,45,59
5/23/2017,70,56,63
5/24/2017,61,55,58
5/25/2017,67,53,60
5/26/2017,80,52,66
5/27/2017,75,59,67
5/28/2017,80,61,70.5
5/29/2017,81,57,69
5/30/2017,77,53,65
5/31/2017,78,54,66
6/1/2017,82,50,66
6/2/2017,86,53,69.5
6/3/2017,90,61,75.5
6/4/2017,89,69,79
6/5/2017,91,60,75.5
6/6/2017,79,53,66
6/7/2017,78,56,67
6/8/2017,82,51,66.5
6/9/2017,86,58,72
6/10/2017,87,64,75.5
6/11/2017,90,65,77.5
6/12/2017,93,67,80
6/13/2017,94,68,81
6/14/2017,93,68,80.5
6/15/2017,88,66,77
6/16/2017,88,66,77
6/17/2017,87,70,78.5
6/18/2017,81,64,72.5
6/19/2017,81,59,70
6/20/2017,86,56,71
6/21/2017,86,63,74.5
6/22/2017,86,69,77.5
6/23/2017,81,63,72
6/24/2017,76,56,66
6/25/2017,76,54,65
6/26/2017,72,51,61.5
6/27/2017,76,49,62.5
6/28/2017,84,53,68.5
6/29/2017,89,70,79.5
6/30/2017,84,68,76
7/1/2017,84,66,75
7/2/2017,88,61,74.5
7/3/2017,89,67,78
7/4/2017,89,67,78
7/5/2017,86,70,78
7/6/2017,89,70,79.5
7/7/2017,92,69,80.5
7/8/2017,83,64,73.5
7/9/2017,88,59,73.5
7/10/2017,90,68,79
7/11/2017,85,69,77
7/12/2017,91,69,80
7/13/2017,85,74,79.5
7/14/2017,81,65,73
7/15/2017,80,59,69.5
7/16/2017,88,60,74
7/17/2017,86,63,74.5
7/18/2017,88,62,75
7/19/2017,91,71,81
7/20/2017,92,70,81
7/21/2017,94,72,83
7/22/2017,90,70,80
7/23/2017,90,68,79
7/24/2017,81,64,72.5
7/25/2017,84,61,72.5
7/26/2017,89,63,76
7/27/2017,83,69,76
7/28/2017,83,65,74
7/29/2017,79,60,69.5
7/30/2017,84,60,72
7/31/2017,85,64,74.5
8/1/2017,87,66,76.5
8/2/2017,86,62,74
8/3/2017,88,64,76
8/4/2017,71,55,63
8/5/2017,78,52,65
8/6/2017,72,61,66.5
8/7/2017,77,62,69.5
8/8/2017,82,57,69.5
8/9/2017,83,55,69
8/10/2017,87,59,73
8/11/2017,84,64,74
8/12/2017,79,60,69.5
8/13/2017,81,56,68.5
8/14/2017,85,60,72.5
8/15/2017,89,65,77
8/16/2017,86,66,76
8/17/2017,86,67,76.5
8/18/2017,85,63,74
8/19/2017,87,63,75
8/20/2017,92,64,78
8/21/2017,89,69,79
8/22/2017,81,62,71.5
8/23/2017,79,57,68
8/24/2017,79,53,66
8/25/2017,78,53,65.5
8/26/2017,81,56,68.5
8/27/2017,83,56,69.5
8/28/2017,84,60,72
8/29/2017,81,58,69.5
8/30/2017,80,61,70.5
8/31/2017,78,60,69
9/1/2017,71,54,62.5
9/2/2017,75,49,62
9/3/2017,83,57,70
9/4/2017,90,54,72
9/5/2017,72,53,62.5
9/6/2017,67,48,57.5
9/7/2017,72,45,58.5
9/8/2017,81,46,63.5
9/9/2017,80,53,66.5
9/10/2017,76,47,61.5
9/11/2017,74,48,61
9/12/2017,79,56,67.5
9/13/2017,71,62,66.5
9/14/2017,81,61,71
9/15/2017,90,57,73.5
9/16/2017,90,60,75
9/17/2017,90,63,76.5
9/18/2017,85,67,76
9/19/2017,82,65,73.5
9/20/2017,95,63,79
9/21/2017,95,68,81.5
9/22/2017,95,67,81
9/23/2017,94,67,80.5
9/24/2017,93,64,78.5
9/25/2017,91,62,76.5
9/26/2017,93,64,78.5
9/27/2017,75,57,66
9/28/2017,73,51,62
9/29/2017,78,47,62.5
9/30/2017,72,49,60.5
10/1/2017,77,44,60.5
10/2/2017,85,58,71.5
10/3/2017,79,61,70
10/4/2017,76,66,71
10/5/2017,74,60,67
10/6/2017,71,65,68
10/7/2017,85,59,72
10/8/2017,79,51,65
10/9/2017,84,57,70.5
10/10/2017,77,58,67.5
10/11/2017,58,54,56
10/12/2017,63,48,55.5
10/13/2017,78,47,62.5
10/14/2017,85,57,71
10/15/2017,73,48,60.5
10/16/2017,65,39,52
10/17/2017,70,39,54.5
10/18/2017,71,40,55.5
10/19/2017,78,46,62
10/20/2017,79,49,64
10/21/2017,76,48,62
10/22/2017,71,52,61.5
10/23/2017,53,48,50.5
10/24/2017,48,40,44
10/25/2017,52,35,43.5
10/26/2017,64,33,48.5
10/27/2017,52,37,44.5
10/28/2017,39,34,36.5
10/29/2017,48,31,39.5
10/30/2017,51,32,41.5
10/31/2017,42,30,36
11/1/2017,54,35,44.5
11/2/2017,64,49,56.5
11/3/2017,56,41,48.5
11/4/2017,61,42,51.5
11/5/2017,70,48,59
11/6/2017,49,37,43
11/7/2017,50,39,44.5
11/8/2017,50,32,41
11/9/2017,52,26,39
11/10/2017,37,20,28.5
11/11/2017,45,24,34.5
11/12/2017,40,36,38
11/13/2017,45,32,38.5
11/14/2017,52,29,40.5
11/15/2017,56,32,44
11/16/2017,34,28,31
11/17/2017,52,27,39.5
11/18/2017,61,34,47.5
11/19/2017,36,27,31.5
11/20/2017,52,28,40
11/21/2017,52,28,40
11/22/2017,37,22,29.5
11/23/2017,49,28,38.5
11/24/2017,60,27,43.5
11/25/2017,57,33,45
11/26/2017,54,26,40
11/27/2017,64,32,48
11/28/2017,67,41,54
11/29/2017,52,37,44.5
11/30/2017,54,32,43
12/1/2017,53,28,40.5
12/2/2017,58,30,44
12/3/2017,60,28,44
12/4/2017,64,47,55.5
12/5/2017,49,26,37.5
12/6/2017,41,26,33.5
12/7/2017,30,17,23.5
12/8/2017,36,13,24.5
12/9/2017,32,19,25.5
12/10/2017,41,16,28.5
12/11/2017,52,19,35.5
12/12/2017,33,20,26.5
12/13/2017,44,21,32.5
12/14/2017,32,21,26.5
12/15/2017,36,19,27.5
12/16/2017,53,29,41
12/17/2017,50,31,40.5
12/18/2017,49,36,42.5
12/19/2017,49,34,41.5
12/20/2017,46,30,38
12/21/2017,47,27,37
12/22/2017,48,36,42
12/23/2017,37,24,30.5
12/24/2017,24,17,20.5
12/25/2017,19,8,13.5
12/26/2017,11,1,6
12/27/2017,6,-4,1
12/28/2017,17,1,9
12/29/2017,17,13,15
12/30/2017,17,-1,8
12/31/2017,3,-5,-1
1/1/2018,-3,-15,-9
1/2/2018,8,-14,-3
1/3/2018,19,0,9.5
1/4/2018,8,-4,2
1/5/2018,8,-4,2
1/6/2018,12,-6,3
1/7/2018,33,4,18.5
1/8/2018,33,28,30.5
1/9/2018,32,27,29.5
1/10/2018,54,32,43
1/11/2018,59,17,38
1/12/2018,23,14,18.5
1/13/2018,20,7,13.5
1/14/2018,24,2,13
1/15/2018,25,-1,12
1/16/2018,7,-5,1
1/17/2018,17,-2,7.5
1/18/2018,32,12,22
1/19/2018,39,20,29.5
1/20/2018,41,28,34.5
1/21/2018,51,37,44
1/22/2018,55,36,45.5
1/23/2018,37,28,32.5
1/24/2018,29,22,25.5
1/25/2018,49,23,36
1/26/2018,53,30,41.5
1/27/2018,53,28,40.5
1/28/2018,51,26,38.5
1/29/2018,30,19,24.5
1/30/2018,33,13,23
1/31/2018,46,29,37.5
2/1/2018,36,11,23.5
2/2/2018,23,5,14
2/3/2018,40,22,31
2/4/2018,36,6,21
2/5/2018,20,-7,6.5
2/6/2018,17,5,11
2/7/2018,22,9,15.5
2/8/2018,30,5,17.5
2/9/2018,48,27,37.5
2/10/2018,27,20,23.5
2/11/2018,25,14,19.5
2/12/2018,31,10,20.5
2/13/2018,42,18,30
2/14/2018,51,30,40.5
2/15/2018,62,41,51.5
2/16/2018,41,23,32
2/17/2018,35,21,28
2/18/2018,47,20,33.5
2/19/2018,62,42,52
2/20/2018,65,34,49.5
2/21/2018,34,30,32
2/22/2018,45,31,38
2/23/2018,46,36,41
2/24/2018,55,36,45.5
2/25/2018,48,29,38.5
2/26/2018,56,27,41.5
2/27/2018,63,32,47.5
2/28/2018,56,44,50
3/1/2018,51,33,42
3/2/2018,48,31,39.5
3/3/2018,52,28,40
3/4/2018,54,29,41.5
3/5/2018,41,32,36.5
3/6/2018,47,27,37
3/7/2018,39,26,32.5
3/8/2018,35,21,28
3/9/2018,42,21,31.5
3/10/2018,46,28,37
3/11/2018,41,29,35
3/12/2018,45,27,36
3/13/2018,40,23,31.5
3/14/2018,49,19,34
3/15/2018,56,31,43.5
3/16/2018,47,25,36
3/17/2018,38,30,34
3/18/2018,53,26,39.5
3/19/2018,57,37,47
3/20/2018,40,28,34
3/21/2018,46,26,36
3/22/2018,52,23,37.5
3/23/2018,51,31,41
3/24/2018,39,29,34
3/25/2018,40,23,31.5
3/26/2018,50,28,39
3/27/2018,55,39,47
3/28/2018,52,39,45.5
3/29/2018,49,38,43.5
3/30/2018,52,34,43
3/31/2018,54,32,43
4/1/2018,36,23,29.5
4/2/2018,41,14,27.5
4/3/2018,66,34,50
4/4/2018,34,26,30
4/5/2018,50,23,36.5
4/6/2018,43,26,34.5
4/7/2018,39,21,30
4/8/2018,42,24,33
4/9/2018,40,30,35
4/10/2018,45,28,36.5
4/11/2018,67,31,49
4/12/2018,77,52,64.5
4/13/2018,72,56,64
4/14/2018,66,50,58
4/15/2018,50,32,41
4/16/2018,34,27,30.5
4/17/2018,49,28,38.5
4/18/2018,56,32,44
4/19/2018,55,33,44
4/20/2018,62,30,46
4/21/2018,64,41,52.5
4/22/2018,68,46,57
4/23/2018,64,45,54.5
4/24/2018,63,48,55.5
4/25/2018,63,41,52
4/26/2018,67,35,51
4/27/2018,70,42,56
4/28/2018,58,37,47.5
4/29/2018,64,31,47.5
4/30/2018,76,36,56
5/1/2018,83,45,64
5/2/2018,86,63,74.5
5/3/2018,74,61,67.5
5/4/2018,72,54,63
5/5/2018,80,50,65
5/6/2018,80,53,66.5
5/7/2018,76,50,63
5/8/2018,80,51,65.5
5/9/2018,82,53,67.5
5/10/2018,81,55,68
5/11/2018,85,59,72
5/12/2018,76,58,67
5/13/2018,85,58,71.5
5/14/2018,90,63,76.5
5/15/2018,77,57,67
5/16/2018,83,57,70
5/17/2018,84,60,72
5/18/2018,77,62,69.5
5/19/2018,85,63,74
5/20/2018,80,58,69
5/21/2018,77,58,67.5
5/22/2018,83,61,72
5/23/2018,85,55,70
5/24/2018,87,60,73.5
5/25/2018,91,60,75.5
5/26/2018,89,68,78.5
5/27/2018,94,67,80.5
5/28/2018,96,66,81
5/29/2018,87,69,78
5/30/2018,82,70,76
5/31/2018,90,67,78.5
6/1/2018,90,61,75.5
6/2/2018,85,55,70
6/3/2018,82,61,71.5
6/4/2018,79,56,67.5
6/5/2018,87,56,71.5
6/6/2018,83,53,68
6/7/2018,91,64,77.5
6/8/2018,87,67,77
6/9/2018,81,66,73.5
6/10/2018,79,64,71.5
6/11/2018,77,65,71
6/12/2018,84,66,75
6/13/2018,83,63,73
6/14/2018,82,60,71
6/15/2018,91,65,78
6/16/2018,92,70,81
6/17/2018,92,71,81.5
6/18/2018,92,74,83
6/19/2018,89,70,79.5
6/20/2018,87,70,78.5
6/21/2018,81,64,72.5
6/22/2018,76,64,70
6/23/2018,73,63,68
6/24/2018,82,61,71.5
6/25/2018,83,62,72.5
6/26/2018,83,68,75.5
6/27/2018,84,65,74.5
6/28/2018,86,66,76
6/29/2018,91,68,79.5
6/30/2018,91,72,81.5
7/1/2018,91,70,80.5
7/2/2018,87,70,78.5
7/3/2018,92,70,81
7/4/2018,92,71,81.5
7/5/2018,91,71,81
7/6/2018,80,61,70.5
7/7/2018,81,58,69.5
7/8/2018,85,58,71.5
7/9/2018,89,65,77
7/10/2018,91,70,80.5
7/11/2018,86,66,76
7/12/2018,86,64,75
7/13/2018,89,63,76
7/14/2018,83,67,75
7/15/2018,84,70,77
7/16/2018,89,71,80
7/17/2018,85,66,75.5
7/18/2018,81,62,71.5
7/19/2018,85,60,72.5
7/20/2018,82,68,75
7/21/2018,80,66,73
7/22/2018,80,66,73
7/23/2018,83,63,73
7/24/2018,86,64,75
7/25/2018,84,66,75
7/26/2018,83,63,73
7/27/2018,79,58,68.5
7/28/2018,80,57,68.5
7/29/2018,67,59,63
7/30/2018,76,62,69
7/31/2018,74,61,67.5
8/1/2018,82,59,70.5
8/2/2018,86,60,73
8/3/2018,88,65,76.5
8/4/2018,90,67,78.5
8/5/2018,91,67,79
8/6/2018,91,69,80
8/7/2018,80,67,73.5
8/8/2018,85,68,76.5
8/9/2018,88,63,75.5
8/10/2018,89,68,78.5
8/11/2018,86,67,76.5
8/12/2018,88,63,75.5
8/13/2018,88,65,76.5
8/14/2018,87,61,74
8/15/2018,78,69,73.5
8/16/2018,87,69,78
8/17/2018,83,68,75.5
8/18/2018,83,67,75
8/19/2018,87,66,76.5
8/20/2018,86,68,77
8/21/2018,76,66,71
8/22/2018,78,59,68.5
8/23/2018,80,56,68
8/24/2018,72,59,65.5
8/25/2018,87,62,74.5
8/26/2018,92,73,82.5
8/27/2018,92,72,82
8/28/2018,93,72,82.5
8/29/2018,79,68,73.5
8/30/2018,80,63,71.5
8/31/2018,89,60,74.5
9/1/2018,88,68,78
9/2/2018,91,68,79.5
9/3/2018,93,70,81.5
9/4/2018,95,68,81.5
9/5/2018,95,68,81.5
9/6/2018,83,69,76
9/7/2018,71,63,67
9/8/2018,64,59,61.5
9/9/2018,71,57,64
9/10/2018,81,56,68.5
9/11/2018,82,56,69
9/12/2018,82,53,67.5
9/13/2018,85,56,70.5
9/14/2018,90,61,75.5
9/15/2018,89,64,76.5
9/16/2018,91,67,79
9/17/2018,94,67,80.5
9/18/2018,92,66,79
9/19/2018,93,66,79.5
9/20/2018,94,67,80.5
9/21/2018,81,59,70
9/22/2018,68,51,59.5
9/23/2018,79,49,64
9/24/2018,74,59,66.5
9/25/2018,85,63,74
9/26/2018,70,52,61
9/27/2018,71,49,60
9/28/2018,75,48,61.5
9/29/2018,58,47,52.5
9/30/2018,85,53,69
10/1/2018,84,55,69.5
10/2/2018,81,65,73
10/3/2018,88,64,76
10/4/2018,77,53,65
10/5/2018,82,52,67
10/6/2018,87,60,73.5
10/7/2018,84,58,71
10/8/2018,88,63,75.5
10/9/2018,86,66,76
10/10/2018,75,51,63
10/11/2018,55,39,47
10/12/2018,41,34,37.5
10/13/2018,52,34,43
10/14/2018,62,40,51
10/15/2018,50,32,41
10/16/2018,58,28,43
10/17/2018,54,38,46
10/18/2018,61,30,45.5
10/19/2018,56,35,45.5
10/20/2018,59,29,44
10/21/2018,54,25,39.5
10/22/2018,68,36,52
10/23/2018,58,35,46.5
10/24/2018,56,31,43.5
10/25/2018,60,38,49
10/26/2018,48,43,45.5
10/27/2018,58,38,48
10/28/2018,60,38,49
10/29/2018,62,34,48
10/30/2018,75,42,58.5
10/31/2018,65,50,57.5
11/1/2018,50,41,45.5
11/2/2018,51,35,43
11/3/2018,55,35,45
11/4/2018,53,44,48.5
11/5/2018,53,42,47.5
11/6/2018,54,37,45.5
11/7/2018,45,32,38.5
11/8/2018,45,30,37.5
11/9/2018,36,20,28
11/10/2018,33,17,25
11/11/2018,44,21,32.5
11/12/2018,36,26,31
11/13/2018,28,17,22.5
11/14/2018,31,15,23
11/15/2018,32,22,27
11/16/2018,39,23,31
11/17/2018,38,30,34
11/18/2018,38,34,36
11/19/2018,40,31,35.5
11/20/2018,38,26,32
11/21/2018,44,26,35
11/22/2018,52,27,39.5
11/23/2018,50,32,41
11/24/2018,57,38,47.5
11/25/2018,54,38,46
11/26/2018,42,22,32
11/27/2018,23,14,18.5
11/28/2018,31,15,23
11/29/2018,43,26,34.5
11/30/2018,49,29,39
12/1/2018,58,37,47.5
12/2/2018,49,36,42.5
12/3/2018,36,30,33
12/4/2018,31,27,29
12/5/2018,35,25,30
12/6/2018,34,18,26
12/7/2018,29,11,20
12/8/2018,28,14,21
12/9/2018,33,16,24.5
12/10/2018,29,13,21
12/11/2018,41,19,30
12/12/2018,46,28,37
12/13/2018,44,26,35
12/14/2018,45,37,41
12/15/2018,43,34,38.5
12/16/2018,52,27,39.5
12/17/2018,43,28,35.5
12/18/2018,45,24,34.5
12/19/2018,50,30,40
12/20/2018,50,37,43.5
12/21/2018,37,30,33.5
12/22/2018,44,28,36
12/23/2018,41,26,33.5
12/24/2018,42,20,31
12/25/2018,49,28,38.5
12/26/2018,47,27,37
12/27/2018,52,38,45
12/28/2018,51,27,39
12/29/2018,29,22,25.5
12/30/2018,37,18,27.5
12/31/2018,47,34,40.5
1/1/2019,36,31,33.5
1/2/2019,32,27,29.5
1/3/2019,40,23,31.5
1/4/2019,42,24,33
1/5/2019,53,32,42.5
1/6/2019,49,33,41
1/7/2019,57,44,50.5
1/8/2019,50,30,40
1/9/2019,30,18,24
1/10/2019,29,15,22
1/11/2019,30,17,23.5
1/12/2019,31,27,29
1/13/2019,28,18,23
1/14/2019,27,15,21
1/15/2019,31,25,28
1/16/2019,33,31,32
1/17/2019,36,30,33
1/18/2019,33,29,31
1/19/2019,32,15,23.5
1/20/2019,16,4,10
1/21/2019,20,3,11.5
1/22/2019,37,16,26.5
1/23/2019,41,18,29.5
1/24/2019,24,6,15
1/25/2019,22,-1,10.5
1/26/2019,28,-1,13.5
1/27/2019,20,4,12
1/28/2019,36,9,22.5
1/29/2019,15,-2,6.5
1/30/2019,-2,-17,-9.5
1/31/2019,12,-9,1.5
2/1/2019,28,12,20
2/2/2019,45,16,30.5
2/3/2019,56,35,45.5
2/4/2019,54,29,41.5
2/5/2019,35,25,30
2/6/2019,37,34,35.5
2/7/2019,53,14,33.5
2/8/2019,19,10,14.5
2/9/2019,28,7,17.5
2/10/2019,32,21,26.5
2/11/2019,34,30,32
2/12/2019,36,22,29
2/13/2019,34,16,25
2/14/2019,52,30,41
2/15/2019,30,15,22.5
2/16/2019,33,15,24
2/17/2019,30,24,27
2/18/2019,29,22,25.5
2/19/2019,35,20,27.5
2/20/2019,40,30,35
2/21/2019,40,28,34
2/22/2019,43,27,35
2/23/2019,54,35,44.5
2/24/2019,50,18,34
2/25/2019,31,13,22
2/26/2019,40,23,31.5
2/27/2019,35,20,27.5
2/28/2019,31,17,24
3/1/2019,42,22,32
3/2/2019,33,28,30.5
3/3/2019,28,4,16
3/4/2019,11,-3,4
3/5/2019,21,6,13.5
3/6/2019,30,5,17.5
3/7/2019,30,20,25
3/8/2019,40,27,33.5
3/9/2019,50,33,41.5
3/10/2019,43,31,37
3/11/2019,47,28,37.5
3/12/2019,49,26,37.5
3/13/2019,61,38,49.5
3/14/2019,70,41,55.5
3/15/2019,44,32,38
3/16/2019,47,27,37
3/17/2019,46,30,38
3/18/2019,47,28,37.5
3/19/2019,53,26,39.5
3/20/2019,51,37,44
3/21/2019,45,34,39.5
3/22/2019,52,30,41
3/23/2019,55,26,40.5
3/24/2019,55,42,48.5
3/25/2019,51,30,40.5
3/26/2019,50,27,38.5
3/27/2019,60,27,43.5
3/28/2019,69,43,56
3/29/2019,55,49,52
3/30/2019,55,33,44
3/31/2019,40,26,33
4/1/2019,48,25,36.5
4/2/2019,58,35,46.5
4/3/2019,57,30,43.5
4/4/2019,58,45,51.5
4/5/2019,59,44,51.5
4/6/2019,70,41,55.5
4/7/2019,72,50,61
4/8/2019,74,55,64.5
4/9/2019,70,52,61
4/10/2019,59,41,50
4/11/2019,76,44,60
4/12/2019,58,40,49
4/13/2019,55,35,45
4/14/2019,43,33,38
4/15/2019,54,30,42
4/16/2019,76,43,59.5
4/17/2019,78,52,65
4/18/2019,63,43,53
4/19/2019,51,40,45.5
4/20/2019,66,39,52.5
4/21/2019,76,36,56
4/22/2019,79,48,63.5
4/23/2019,63,48,55.5
4/24/2019,59,46,52.5
4/25/2019,57,52,54.5
4/26/2019,65,46,55.5
4/27/2019,53,37,45
4/28/2019,58,36,47
4/29/2019,62,46,54
4/30/2019,65,50,57.5
5/1/2019,71,57,64
5/2/2019,66,49,57.5
5/3/2019,57,47,52
5/4/2019,64,46,55
5/5/2019,71,42,56.5
5/6/2019,78,47,62.5
5/7/2019,72,49,60.5
5/8/2019,82,51,66.5
5/9/2019,68,47,57.5
5/10/2019,59,45,52
5/11/2019,53,40,46.5
5/12/2019,48,43,45.5
5/13/2019,65,43,54
5/14/2019,69,41,55
5/15/2019,76,54,65
5/16/2019,83,56,69.5
5/17/2019,82,63,72.5
5/18/2019,86,60,73
5/19/2019,76,58,67
5/20/2019,60,49,54.5
5/21/2019,59,45,52
5/22/2019,81,56,68.5
5/23/2019,80,64,72
5/24/2019,87,63,75
5/25/2019,85,70,77.5
5/26/2019,78,63,70.5
5/27/2019,85,60,72.5
5/28/2019,85,60,72.5
5/29/2019,80,60,70
5/30/2019,79,61,70
5/31/2019,79,61,70
6/1/2019,84,62,73
6/2/2019,75,55,65
6/3/2019,80,52,66
6/4/2019,83,61,72
6/5/2019,87,69,78
6/6/2019,88,67,77.5
6/7/2019,85,66,75.5
6/8/2019,83,64,73.5
6/9/2019,81,67,74
6/10/2019,78,56,67
6/11/2019,83,51,67
6/12/2019,75,56,65.5
6/13/2019,70,50,60
6/14/2019,78,46,62
6/15/2019,73,61,67
6/16/2019,82,63,72.5
6/17/2019,72,59,65.5
6/18/2019,82,63,72.5
6/19/2019,80,62,71
6/20/2019,75,58,66.5
6/21/2019,76,57,66.5
6/22/2019,79,64,71.5
6/23/2019,83,67,75
6/24/2019,80,63,71.5
6/25/2019,84,61,72.5
6/26/2019,90,65,77.5
6/27/2019,89,66,77.5
6/28/2019,90,66,78
6/29/2019,91,68,79.5
6/30/2019,94,68,81
7/1/2019,91,70,80.5
7/2/2019,92,72,82
7/3/2019,90,68,79
7/4/2019,90,67,78.5
7/5/2019,86,69,77.5
7/6/2019,91,70,80.5
7/7/2019,83,66,74.5
7/8/2019,86,66,76
7/9/2019,89,65,77
7/10/2019,93,72,82.5
7/11/2019,86,68,77
7/12/2019,85,61,73
7/13/2019,89,64,76.5
7/14/2019,92,70,81
7/15/2019,87,68,77.5
7/16/2019,85,71,78
7/17/2019,89,72,80.5
7/18/2019,94,71,82.5
7/19/2019,94,77,85.5
7/20/2019,94,75,84.5
7/21/2019,91,71,81
7/22/2019,79,62,70.5
7/23/2019,83,60,71.5
7/24/2019,82,59,70.5
7/25/2019,83,57,70
7/26/2019,85,61,73
7/27/2019,88,62,75
7/28/2019,89,67,78
7/29/2019,82,69,75.5
7/30/2019,86,65,75.5
7/31/2019,79,62,70.5
8/1/2019,83,60,71.5
8/2/2019,85,63,74
8/3/2019,86,64,75
8/4/2019,89,60,74.5
8/5/2019,90,66,78
8/6/2019,87,67,77
8/7/2019,87,63,75
8/8/2019,89,65,77
8/9/2019,83,64,73.5
8/10/2019,84,60,72
8/11/2019,80,60,70
8/12/2019,84,70,77
8/13/2019,85,70,77.5
8/14/2019,86,66,76
8/15/2019,83,62,72.5
8/16/2019,85,62,73.5
8/17/2019,82,68,75
8/18/2019,88,69,78.5
8/19/2019,91,68,79.5
8/20/2019,81,66,73.5
8/21/2019,84,65,74.5
8/22/2019,83,65,74
8/23/2019,81,60,70.5
8/24/2019,78,57,67.5
8/25/2019,80,57,68.5
8/26/2019,82,66,74
8/27/2019,83,61,72
8/28/2019,78,56,67
8/29/2019,81,53,67
8/30/2019,76,65,70.5
8/31/2019,77,61,69
9/1/2019,81,63,72
9/2/2019,80,61,70.5
9/3/2019,87,59,73
9/4/2019,77,60,68.5
9/5/2019,76,54,65
9/6/2019,79,59,69
9/7/2019,79,55,67
9/8/2019,74,62,68
9/9/2019,86,62,74
9/10/2019,90,64,77
9/11/2019,89,70,79.5
9/12/2019,92,67,79.5
9/13/2019,83,59,71
9/14/2019,84,53,68.5
9/15/2019,83,58,70.5
9/16/2019,87,64,75.5
9/17/2019,85,64,74.5
9/18/2019,87,60,73.5
9/19/2019,89,59,74
9/20/2019,92,65,78.5
9/21/2019,85,69,77
9/22/2019,84,69,76.5
9/23/2019,76,56,66
9/24/2019,79,51,65
9/25/2019,81,59,70
9/26/2019,75,53,64
9/27/2019,87,51,69
9/28/2019,84,64,74
9/29/2019,85,66,75.5
9/30/2019,90,65,77.5
10/1/2019,91,66,78.5
10/2/2019,85,66,75.5
10/3/2019,72,51,61.5
10/4/2019,67,46,56.5
10/5/2019,74,46,60
10/6/2019,71,56,63.5
10/7/2019,72,48,60
10/8/2019,75,43,59
10/9/2019,76,44,60
10/10/2019,73,54,63.5
10/11/2019,67,35,51
10/12/2019,57,32,44.5
10/13/2019,65,40,52.5
10/14/2019,62,35,48.5
10/15/2019,66,39,52.5
10/16/2019,52,39,45.5
10/17/2019,58,37,47.5
10/18/2019,64,36,50
10/19/2019,71,39,55
10/20/2019,68,52,60
10/21/2019,69,49,59
10/22/2019,58,39,48.5
10/23/2019,70,34,52
10/24/2019,55,42,48.5
10/25/2019,54,44,49
10/26/2019,53,43,48
10/27/2019,65,41,53
10/28/2019,52,40,46
10/29/2019,51,37,44
10/30/2019,42,37,39.5
10/31/2019,41,24,32.5
11/1/2019,49,22,35.5
11/2/2019,50,29,39.5
11/3/2019,55,26,40.5
11/4/2019,52,38,45
11/5/2019,49,30,39.5
11/6/2019,55,31,43
11/7/2019,40,22,31
11/8/2019,33,17,25
11/9/2019,52,25,38.5
11/10/2019,57,32,44.5
11/11/2019,39,12,25.5
11/12/2019,18,0,9
11/13/2019,28,1,14.5
11/14/2019,36,19,27.5
11/15/2019,44,17,30.5
11/16/2019,45,28,36.5
11/17/2019,44,25,34.5
11/18/2019,40,31,35.5
11/19/2019,40,30,35
11/20/2019,51,28,39.5
11/21/2019,58,39,48.5
11/22/2019,40,29,34.5
11/23/2019,40,29,34.5
11/24/2019,53,30,41.5
11/25/2019,60,31,45.5
11/26/2019,55,32,43.5
11/27/2019,55,33,44
11/28/2019,36,32,34
11/29/2019,40,34,37
11/30/2019,49,37,43
12/1/2019,46,31,38.5
12/2/2019,34,29,31.5
12/3/2019,40,28,34
12/4/2019,49,32,40.5
12/5/2019,54,25,39.5
12/6/2019,46,26,36
12/7/2019,44,20,32
12/8/2019,52,26,39
12/9/2019,50,21,35.5
12/10/2019,27,16,21.5
12/11/2019,33,17,25
12/12/2019,44,21,32.5
12/13/2019,47,28,37.5
12/14/2019,37,24,30.5
12/15/2019,25,17,21
12/16/2019,30,25,27.5
12/17/2019,28,17,22.5
12/18/2019,24,5,14.5
12/19/2019,35,4,19.5
12/20/2019,39,17,28
12/21/2019,44,22,33
12/22/2019,51,23,37
12/23/2019,56,28,42
12/24/2019,56,27,41.5
12/25/2019,63,33,48
12/26/2019,64,44,54
12/27/2019,46,33,39.5
12/28/2019,56,32,44
12/29/2019,59,40,49.5
12/30/2019,40,31,35.5
12/31/2019,34,30,32
1/1/2020,48,25,36.5
1/2/2020,51,33,42
1/3/2020,42,34,38
1/4/2020,34,24,29
1/5/2020,48,22,35
1/6/2020,44,23,33.5
1/7/2020,44,24,34
1/8/2020,31,20,25.5
1/9/2020,51,24,37.5
1/10/2020,58,44,51
1/11/2020,57,27,42
1/12/2020,33,25,29
1/13/2020,37,30,33.5
1/14/2020,42,30,36
1/15/2020,45,29,37
1/16/2020,29,17,23
1/17/2020,31,18,24.5
1/18/2020,41,10,25.5
1/19/2020,12,4,8
1/20/2020,24,11,17.5
1/21/2020,33,13,23
1/22/2020,33,22,27.5
1/23/2020,36,30,33
1/24/2020,37,32,34.5
1/25/2020,32,31,31.5
1/26/2020,39,26,32.5
1/27/2020,30,27,28.5
1/28/2020,31,28,29.5
1/29/2020,33,29,31
1/30/2020,36,30,33
1/31/2020,39,30,34.5
2/1/2020,38,32,35
2/2/2020,61,33,47
2/3/2020,66,33,49.5
2/4/2020,51,31,41
2/5/2020,32,25,28.5
2/6/2020,28,24,26
2/7/2020,35,24,29.5
2/8/2020,33,24,28.5
2/9/2020,38,20,29
2/10/2020,35,27,31
2/11/2020,40,28,34
2/12/2020,35,26,30.5
2/13/2020,31,1,16
2/14/2020,11,-5,3
2/15/2020,36,1,18.5
2/16/2020,42,22,32
2/17/2020,43,30,36.5
2/18/2020,44,28,36
2/19/2020,35,21,28
2/20/2020,26,16,21
2/21/2020,36,11,23.5
2/22/2020,49,21,35
2/23/2020,57,29,43
